{"stats":{"minecraft:crafted":{"minecraft:oak_planks":284,"minecraft:furnace":1,"minecraft:cooked_mutton":4,"minecraft:iron_axe":1,"minecraft:stone_pickaxe":3,"minecraft:chest":2,"minecraft:cooked_porkchop":7,"minecraft:crafting_table":4,"minecraft:wooden_pickaxe":1,"minecraft:baked_potato":7,"minecraft:bucket":2,"minecraft:stone_axe":4,"minecraft:air":0,"minecraft:oak_boat":1,"minecraft:shield":1,"minecraft:stick":24,"minecraft:iron_ingot":4,"minecraft:iron_pickaxe":1,"minecraft:gold_ingot":6,"minecraft:white_bed":1,"minecraft:torch":8},"minecraft:killed":{"minecraft:spider":1,"minecraft:chicken":1,"minecraft:pig":15,"minecraft:iron_golem":5,"minecraft:sheep":11,"minecraft:zombie":3,"minecraft:cow":7},"minecraft:dropped":{"minecraft:wheat_seeds":6,"minecraft:oxeye_daisy":1,"minecraft:diorite":12,"minecraft:dandelion":1,"minecraft:gold_ingot":5,"minecraft:poppy":3,"minecraft:oak_sapling":3},"minecraft:killed_by":{"minecraft:iron_golem":2,"minecraft:zombie":1},"minecraft:mined":{"minecraft:nether_gold_ore":15,"minecraft:white_bed":14,"minecraft:granite":57,"minecraft:grass_block":44,"minecraft:spruce_leaves":3,"minecraft:oxeye_daisy":1,"minecraft:hay_block":8,"minecraft:magma_block":5,"minecraft:furnace":1,"minecraft:iron_ore":4,"minecraft:fire":4,"minecraft:pumpkin":3,"minecraft:azure_bluet":2,"minecraft:dirt_path":15,"minecraft:stone":144,"minecraft:podzol":1,"minecraft:blackstone":5,"minecraft:dandelion":1,"minecraft:cornflower":1,"minecraft:crafting_table":4,"minecraft:torch":1,"minecraft:short_grass":59,"minecraft:poppy":1,"minecraft:cobblestone":2,"minecraft:nether_quartz_ore":4,"minecraft:tall_grass":13,"minecraft:oak_planks":58,"minecraft:sugar_cane":11,"minecraft:diorite":13,"minecraft:wall_torch":3,"minecraft:birch_leaves":3,"minecraft:yellow_bed":3,"minecraft:coal_ore":15,"minecraft:oak_log":140,"minecraft:gravel":1,"minecraft:sand":4,"minecraft:dirt":54,"minecraft:stonecutter":1,"minecraft:stone_bricks":1,"minecraft:netherrack":36,"minecraft:oak_leaves":22},"minecraft:custom":{"minecraft:mob_kills":44,"minecraft:interact_with_crafting_table":25,"minecraft:bell_ring":95,"minecraft:leave_game":2,"minecraft:time_since_death":2146,"minecraft:climb_one_cm":1394,"minecraft:sprint_one_cm":655330,"minecraft:walk_one_cm":309029,"minecraft:drop":11,"minecraft:talked_to_villager":31,"minecraft:play_time":187962,"minecraft:deaths":8,"minecraft:sneak_time":950,"minecraft:walk_under_water_one_cm":6812,"minecraft:boat_one_cm":74821,"minecraft:jump":4048,"minecraft:interact_with_brewingstand":2,"minecraft:interact_with_blast_furnace":1,"minecraft:walk_on_water_one_cm":17553,"minecraft:total_world_time":187962,"minecraft:interact_with_furnace":18,"minecraft:interact_with_cartography_table":1,"minecraft:sleep_in_bed":12,"minecraft:time_since_rest":1994,"minecraft:damage_taken":2905,"minecraft:damage_dealt":8552,"minecraft:swim_one_cm":3794,"minecraft:fly_one_cm":738755,"minecraft:open_chest":34,"minecraft:crouch_one_cm":1597,"minecraft:fall_one_cm":119719},"minecraft:used":{"minecraft:flint_and_steel":2,"minecraft:chest":1,"minecraft:netherrack":24,"minecraft:torch":12,"minecraft:dirt":95,"minecraft:granite":55,"minecraft:azure_bluet":1,"minecraft:lava_bucket":18,"minecraft:iron_axe":58,"minecraft:magma_block":3,"minecraft:furnace":2,"minecraft:oak_sapling":3,"minecraft:egg":2,"minecraft:potato":3,"minecraft:cooked_mutton":6,"minecraft:water_bucket":7,"minecraft:stone_pickaxe":341,"minecraft:baked_potato":7,"minecraft:oak_planks":188,"minecraft:blackstone":18,"minecraft:wooden_pickaxe":49,"minecraft:stonecutter":1,"minecraft:sugar_cane":2,"minecraft:sand":2,"minecraft:crafting_table":7,"minecraft:white_bed":14,"minecraft:oak_log":9,"minecraft:oxeye_daisy":1,"minecraft:chicken":1,"minecraft:bread":8,"minecraft:iron_pickaxe":14,"minecraft:gravel":13,"minecraft:stone_axe":333,"minecraft:cobblestone":12,"minecraft:cooked_porkchop":7,"minecraft:porkchop":1,"minecraft:bucket":25,"minecraft:yellow_bed":3,"minecraft:oak_boat":4,"minecraft:dandelion":1},"minecraft:picked_up":{"minecraft:crafting_table":7,"minecraft:azure_bluet":5,"minecraft:chicken":1,"minecraft:wooden_pickaxe":3,"minecraft:enchanted_book":2,"minecraft:shield":2,"minecraft:cornflower":3,"minecraft:string":2,"minecraft:iron_axe":2,"minecraft:blackstone":30,"minecraft:gold_nugget":60,"minecraft:beef":26,"minecraft:oak_boat":8,"minecraft:poppy":7,"minecraft:iron_pickaxe":2,"minecraft:sugar_cane":31,"minecraft:furnace":6,"minecraft:egg":2,"minecraft:stick":5,"minecraft:raw_iron":24,"minecraft:torch":11,"minecraft:porkchop":53,"minecraft:diorite":49,"minecraft:arrow":4,"minecraft:hay_block":8,"minecraft:gold_ingot":2,"minecraft:mutton":22,"minecraft:obsidian":3,"minecraft:white_wool":8,"minecraft:cobblestone":259,"minecraft:oxeye_daisy":4,"minecraft:magma_block":3,"minecraft:leather":10,"minecraft:brown_wool":1,"minecraft:oak_log":194,"minecraft:golden_boots":1,"minecraft:yellow_bed":3,"minecraft:dirt":143,"minecraft:cooked_mutton":2,"minecraft:bone":3,"minecraft:apple":7,"minecraft:stonecutter":1,"minecraft:wheat_seeds":23,"minecraft:iron_ingot":30,"minecraft:stone_pickaxe":4,"minecraft:oak_planks":201,"minecraft:soul_sand":3,"minecraft:cooked_porkchop":1,"minecraft:pumpkin":12,"minecraft:quartz":4,"minecraft:dandelion":4,"minecraft:gravel":13,"minecraft:sand":8,"minecraft:white_bed":16,"minecraft:stone_axe":3,"minecraft:granite":55,"minecraft:gray_wool":2,"minecraft:bread":16,"minecraft:emerald":8,"minecraft:black_wool":2,"minecraft:oak_sapling":8,"minecraft:netherrack":30,"minecraft:coal":85},"minecraft:broken":{"minecraft:wooden_pickaxe":1,"minecraft:stone_pickaxe":3,"minecraft:stone_axe":2}},"DataVersion":3953}