{"stats":{"minecraft:mined":{"minecraft:podzol":1,"minecraft:white_bed":12,"minecraft:dandelion":1,"minecraft:crafting_table":4,"minecraft:cornflower":1,"minecraft:torch":1,"minecraft:short_grass":19,"minecraft:grass_block":35,"minecraft:tall_grass":7,"minecraft:spruce_leaves":3,"minecraft:oak_planks":24,"minecraft:sugar_cane":1,"minecraft:oxeye_daisy":1,"minecraft:diorite":12,"minecraft:wall_torch":3,"minecraft:furnace":1,"minecraft:iron_ore":4,"minecraft:birch_leaves":3,"minecraft:pumpkin":3,"minecraft:yellow_bed":1,"minecraft:coal_ore":15,"minecraft:oak_log":23,"minecraft:dirt_path":15,"minecraft:sand":4,"minecraft:dirt":39,"minecraft:stone":112,"minecraft:oak_leaves":10},"minecraft:killed":{"minecraft:pig":1,"minecraft:iron_golem":1,"minecraft:sheep":3},"minecraft:broken":{"minecraft:stone_pickaxe":1,"minecraft:wooden_pickaxe":1},"minecraft:crafted":{"minecraft:oak_planks":88,"minecraft:crafting_table":2,"minecraft:wooden_pickaxe":1,"minecraft:furnace":1,"minecraft:stone_axe":2,"minecraft:cooked_mutton":3,"minecraft:oak_boat":1,"minecraft:stick":12,"minecraft:stone_pickaxe":2,"minecraft:white_bed":1,"minecraft:torch":4},"minecraft:used":{"minecraft:cooked_mutton":5,"minecraft:stone_pickaxe":132,"minecraft:oak_planks":72,"minecraft:wooden_pickaxe":49,"minecraft:torch":7,"minecraft:dirt":88,"minecraft:crafting_table":4,"minecraft:white_bed":11,"minecraft:oak_log":1,"minecraft:bread":8,"minecraft:stone_axe":70,"minecraft:furnace":1,"minecraft:porkchop":1,"minecraft:oak_boat":4,"minecraft:potato":3},"minecraft:custom":{"minecraft:interact_with_furnace":2,"minecraft:mob_kills":6,"minecraft:interact_with_crafting_table":6,"minecraft:bell_ring":2,"minecraft:time_since_death":23400,"minecraft:sleep_in_bed":7,"minecraft:climb_one_cm":762,"minecraft:time_since_rest":7689,"minecraft:sprint_one_cm":311611,"minecraft:damage_taken":1510,"minecraft:walk_one_cm":140604,"minecraft:damage_dealt":1542,"minecraft:swim_one_cm":836,"minecraft:talked_to_villager":30,"minecraft:fly_one_cm":316965,"minecraft:open_chest":7,"minecraft:crouch_one_cm":653,"minecraft:play_time":97493,"minecraft:deaths":4,"minecraft:sneak_time":477,"minecraft:walk_under_water_one_cm":1804,"minecraft:boat_one_cm":74821,"minecraft:jump":2033,"minecraft:interact_with_brewingstand":2,"minecraft:interact_with_blast_furnace":1,"minecraft:walk_on_water_one_cm":11547,"minecraft:total_world_time":97493,"minecraft:fall_one_cm":72451},"minecraft:picked_up":{"minecraft:crafting_table":5,"minecraft:wooden_pickaxe":3,"minecraft:oak_log":23,"minecraft:yellow_bed":1,"minecraft:cornflower":3,"minecraft:dirt":117,"minecraft:cooked_mutton":2,"minecraft:apple":2,"minecraft:wheat_seeds":4,"minecraft:iron_ingot":4,"minecraft:stone_pickaxe":2,"minecraft:oak_boat":6,"minecraft:poppy":1,"minecraft:sugar_cane":8,"minecraft:oak_planks":97,"minecraft:furnace":4,"minecraft:stick":3,"minecraft:raw_iron":16,"minecraft:pumpkin":6,"minecraft:torch":9,"minecraft:dandelion":1,"minecraft:porkchop":4,"minecraft:sand":4,"minecraft:diorite":24,"minecraft:white_bed":13,"minecraft:stone_axe":1,"minecraft:oak_sapling":1,"minecraft:mutton":5,"minecraft:coal":57,"minecraft:white_wool":3,"minecraft:cobblestone":178}},"DataVersion":3953}