{"stats":{"minecraft:mined":{"minecraft:podzol":1,"minecraft:white_bed":3,"minecraft:furnace":1,"minecraft:iron_ore":4,"minecraft:birch_leaves":3,"minecraft:cornflower":1,"minecraft:crafting_table":2,"minecraft:short_grass":7,"minecraft:grass_block":11,"minecraft:oak_log":11,"minecraft:coal_ore":15,"minecraft:dirt":14,"minecraft:spruce_leaves":3,"minecraft:stone":94,"minecraft:sugar_cane":1,"minecraft:oak_leaves":4,"minecraft:wall_torch":2},"minecraft:killed":{"minecraft:sheep":3,"minecraft:pig":1},"minecraft:crafted":{"minecraft:oak_boat":1,"minecraft:oak_planks":44,"minecraft:crafting_table":1,"minecraft:stick":8,"minecraft:wooden_pickaxe":1,"minecraft:stone_pickaxe":1,"minecraft:furnace":1,"minecraft:white_bed":1,"minecraft:torch":4,"minecraft:stone_axe":1,"minecraft:cooked_mutton":3},"minecraft:used":{"minecraft:cooked_mutton":5,"minecraft:stone_pickaxe":116,"minecraft:wooden_pickaxe":6,"minecraft:stone_axe":10,"minecraft:torch":4,"minecraft:dirt":21,"minecraft:crafting_table":2,"minecraft:furnace":1,"minecraft:porkchop":1,"minecraft:oak_boat":2,"minecraft:white_bed":3},"minecraft:picked_up":{"minecraft:stick":1,"minecraft:raw_iron":8,"minecraft:crafting_table":3,"minecraft:torch":4,"minecraft:wooden_pickaxe":1,"minecraft:porkchop":4,"minecraft:oak_log":11,"minecraft:white_bed":4,"minecraft:cornflower":2,"minecraft:dirt":29,"minecraft:cooked_mutton":2,"minecraft:stone_axe":1,"minecraft:stone_pickaxe":1,"minecraft:oak_boat":2,"minecraft:sugar_cane":4,"minecraft:oak_planks":52,"minecraft:mutton":5,"minecraft:coal":29,"minecraft:white_wool":3,"minecraft:cobblestone":110,"minecraft:furnace":2},"minecraft:custom":{"minecraft:time_since_rest":1202,"minecraft:interact_with_furnace":2,"minecraft:sprint_one_cm":135050,"minecraft:damage_taken":800,"minecraft:walk_one_cm":81769,"minecraft:mob_kills":4,"minecraft:damage_dealt":342,"minecraft:talked_to_villager":10,"minecraft:interact_with_crafting_table":5,"minecraft:fly_one_cm":146141,"minecraft:open_chest":3,"minecraft:crouch_one_cm":653,"minecraft:play_time":43493,"minecraft:deaths":2,"minecraft:bell_ring":2,"minecraft:sneak_time":477,"minecraft:boat_one_cm":49421,"minecraft:jump":1107,"minecraft:interact_with_brewingstand":2,"minecraft:walk_on_water_one_cm":5541,"minecraft:time_since_death":1174,"minecraft:sleep_in_bed":3,"minecraft:total_world_time":43493,"minecraft:fall_one_cm":40105}},"DataVersion":3953}