{"stats":{"minecraft:mined":{"minecraft:podzol":1,"minecraft:white_bed":14,"minecraft:dandelion":1,"minecraft:crafting_table":4,"minecraft:cornflower":1,"minecraft:torch":1,"minecraft:short_grass":31,"minecraft:grass_block":38,"minecraft:poppy":1,"minecraft:cobblestone":1,"minecraft:tall_grass":9,"minecraft:spruce_leaves":3,"minecraft:sugar_cane":1,"minecraft:oak_planks":33,"minecraft:diorite":12,"minecraft:oxeye_daisy":1,"minecraft:wall_torch":3,"minecraft:hay_block":8,"minecraft:furnace":1,"minecraft:iron_ore":4,"minecraft:birch_leaves":3,"minecraft:pumpkin":3,"minecraft:yellow_bed":3,"minecraft:azure_bluet":1,"minecraft:oak_log":27,"minecraft:coal_ore":15,"minecraft:dirt_path":15,"minecraft:dirt":41,"minecraft:sand":4,"minecraft:stone":112,"minecraft:oak_leaves":15},"minecraft:killed":{"minecraft:pig":5,"minecraft:iron_golem":3,"minecraft:sheep":4,"minecraft:chicken":1},"minecraft:broken":{"minecraft:stone_pickaxe":1,"minecraft:stone_axe":1,"minecraft:wooden_pickaxe":1},"minecraft:crafted":{"minecraft:oak_planks":104,"minecraft:cooked_porkchop":4,"minecraft:crafting_table":2,"minecraft:wooden_pickaxe":1,"minecraft:furnace":1,"minecraft:stone_axe":3,"minecraft:cooked_mutton":4,"minecraft:air":0,"minecraft:oak_boat":1,"minecraft:stick":16,"minecraft:stone_pickaxe":2,"minecraft:white_bed":1,"minecraft:torch":4},"minecraft:used":{"minecraft:cooked_mutton":5,"minecraft:stone_pickaxe":178,"minecraft:oak_planks":95,"minecraft:wooden_pickaxe":49,"minecraft:torch":7,"minecraft:dirt":95,"minecraft:crafting_table":5,"minecraft:white_bed":14,"minecraft:oak_log":1,"minecraft:chicken":1,"minecraft:bread":8,"minecraft:stone_axe":120,"minecraft:cobblestone":12,"minecraft:cooked_porkchop":2,"minecraft:furnace":2,"minecraft:porkchop":1,"minecraft:yellow_bed":3,"minecraft:oak_boat":4,"minecraft:potato":3},"minecraft:custom":{"minecraft:interact_with_furnace":7,"minecraft:mob_kills":14,"minecraft:interact_with_cartography_table":1,"minecraft:interact_with_crafting_table":8,"minecraft:bell_ring":95,"minecraft:leave_game":1,"minecraft:time_since_death":12431,"minecraft:sleep_in_bed":8,"minecraft:climb_one_cm":1394,"minecraft:time_since_rest":5755,"minecraft:sprint_one_cm":426676,"minecraft:damage_taken":1967,"minecraft:walk_one_cm":214580,"minecraft:damage_dealt":3915,"minecraft:swim_one_cm":836,"minecraft:talked_to_villager":30,"minecraft:fly_one_cm":402306,"minecraft:open_chest":10,"minecraft:crouch_one_cm":781,"minecraft:play_time":121395,"minecraft:deaths":6,"minecraft:sneak_time":523,"minecraft:walk_under_water_one_cm":1804,"minecraft:boat_one_cm":74821,"minecraft:jump":2570,"minecraft:interact_with_brewingstand":2,"minecraft:interact_with_blast_furnace":1,"minecraft:walk_on_water_one_cm":11547,"minecraft:total_world_time":121395,"minecraft:fall_one_cm":84395},"minecraft:picked_up":{"minecraft:crafting_table":7,"minecraft:azure_bluet":2,"minecraft:chicken":1,"minecraft:wooden_pickaxe":3,"minecraft:oak_log":27,"minecraft:yellow_bed":3,"minecraft:cornflower":3,"minecraft:dirt":124,"minecraft:cooked_mutton":2,"minecraft:apple":6,"minecraft:wheat_seeds":14,"minecraft:iron_ingot":23,"minecraft:stone_pickaxe":4,"minecraft:oak_boat":8,"minecraft:poppy":7,"minecraft:sugar_cane":12,"minecraft:oak_planks":117,"minecraft:egg":1,"minecraft:furnace":6,"minecraft:stick":5,"minecraft:raw_iron":24,"minecraft:pumpkin":12,"minecraft:torch":11,"minecraft:dandelion":3,"minecraft:porkchop":8,"minecraft:sand":8,"minecraft:diorite":48,"minecraft:white_bed":16,"minecraft:stone_axe":3,"minecraft:hay_block":8,"minecraft:emerald":8,"minecraft:bread":16,"minecraft:oak_sapling":3,"minecraft:mutton":6,"minecraft:coal":85,"minecraft:white_wool":4,"minecraft:cobblestone":228,"minecraft:oxeye_daisy":3},"minecraft:killed_by":{"minecraft:iron_golem":1}},"DataVersion":3953}