{"stats":{"minecraft:crafted":{"minecraft:oak_planks":540,"minecraft:furnace":1,"minecraft:cooked_mutton":4,"minecraft:iron_axe":2,"minecraft:stone_pickaxe":3,"minecraft:chest":3,"minecraft:cooked_porkchop":31,"minecraft:crafting_table":5,"minecraft:baked_potato":7,"minecraft:wooden_pickaxe":1,"minecraft:golden_pickaxe":1,"minecraft:bucket":2,"minecraft:stone_axe":4,"minecraft:air":0,"minecraft:oak_boat":1,"minecraft:shield":1,"minecraft:stick":40,"minecraft:iron_ingot":4,"minecraft:iron_pickaxe":5,"minecraft:gold_ingot":25,"minecraft:white_bed":1,"minecraft:torch":8},"minecraft:killed":{"minecraft:spider":1,"minecraft:skeleton":1,"minecraft:chicken":1,"minecraft:pig":16,"minecraft:iron_golem":9,"minecraft:hoglin":2,"minecraft:sheep":11,"minecraft:zombie":3,"minecraft:enderman":2,"minecraft:cow":7},"minecraft:dropped":{"minecraft:wheat_seeds":7,"minecraft:oxeye_daisy":1,"minecraft:diorite":12,"minecraft:dandelion":1,"minecraft:gold_ingot":20,"minecraft:poppy":3,"minecraft:oak_sapling":3},"minecraft:killed_by":{"minecraft:enderman":1,"minecraft:iron_golem":2,"minecraft:zombie":1},"minecraft:mined":{"minecraft:nether_gold_ore":19,"minecraft:white_bed":14,"minecraft:granite":57,"minecraft:grass_block":46,"minecraft:crimson_roots":1,"minecraft:spruce_leaves":3,"minecraft:oxeye_daisy":1,"minecraft:hay_block":8,"minecraft:magma_block":5,"minecraft:furnace":1,"minecraft:iron_ore":4,"minecraft:fire":4,"minecraft:pumpkin":3,"minecraft:azure_bluet":2,"minecraft:gold_block":2,"minecraft:dirt_path":15,"minecraft:stone":144,"minecraft:podzol":1,"minecraft:blackstone":10,"minecraft:crimson_nylium":2,"minecraft:basalt":42,"minecraft:dandelion":1,"minecraft:crafting_table":5,"minecraft:cornflower":1,"minecraft:torch":1,"minecraft:short_grass":65,"minecraft:poppy":1,"minecraft:warped_roots":4,"minecraft:nether_quartz_ore":15,"minecraft:tall_grass":13,"minecraft:cobblestone":3,"minecraft:sugar_cane":11,"minecraft:oak_planks":80,"minecraft:diorite":13,"minecraft:wall_torch":3,"minecraft:warped_nylium":4,"minecraft:birch_leaves":3,"minecraft:yellow_bed":3,"minecraft:oak_log":147,"minecraft:coal_ore":15,"minecraft:gravel":1,"minecraft:sand":4,"minecraft:dirt":58,"minecraft:stonecutter":1,"minecraft:stone_bricks":1,"minecraft:netherrack":819,"minecraft:oak_leaves":22},"minecraft:custom":{"minecraft:mob_kills":54,"minecraft:interact_with_crafting_table":37,"minecraft:bell_ring":95,"minecraft:leave_game":3,"minecraft:time_since_death":6763,"minecraft:climb_one_cm":1394,"minecraft:sprint_one_cm":996345,"minecraft:walk_one_cm":519129,"minecraft:drop":23,"minecraft:talked_to_villager":31,"minecraft:play_time":283360,"minecraft:deaths":10,"minecraft:sneak_time":7998,"minecraft:walk_under_water_one_cm":7053,"minecraft:boat_one_cm":74974,"minecraft:jump":5378,"minecraft:interact_with_brewingstand":2,"minecraft:interact_with_blast_furnace":1,"minecraft:walk_on_water_one_cm":18726,"minecraft:total_world_time":283360,"minecraft:interact_with_furnace":28,"minecraft:interact_with_cartography_table":1,"minecraft:sleep_in_bed":16,"minecraft:time_since_rest":6819,"minecraft:damage_taken":4154,"minecraft:damage_dealt":14009,"minecraft:swim_one_cm":4619,"minecraft:fly_one_cm":955878,"minecraft:open_chest":51,"minecraft:crouch_one_cm":21991,"minecraft:fall_one_cm":155086},"minecraft:used":{"minecraft:flint_and_steel":2,"minecraft:chest":2,"minecraft:netherrack":685,"minecraft:torch":12,"minecraft:dirt":101,"minecraft:granite":55,"minecraft:azure_bluet":2,"minecraft:lava_bucket":18,"minecraft:iron_axe":169,"minecraft:golden_sword":29,"minecraft:magma_block":3,"minecraft:oak_sapling":3,"minecraft:furnace":2,"minecraft:egg":2,"minecraft:potato":3,"minecraft:cooked_mutton":6,"minecraft:water_bucket":7,"minecraft:baked_potato":7,"minecraft:stone_pickaxe":341,"minecraft:oak_planks":310,"minecraft:blackstone":19,"minecraft:wooden_pickaxe":49,"minecraft:stonecutter":1,"minecraft:sugar_cane":2,"minecraft:sand":2,"minecraft:crafting_table":9,"minecraft:white_bed":14,"minecraft:oak_log":9,"minecraft:oxeye_daisy":1,"minecraft:crying_obsidian":1,"minecraft:chicken":1,"minecraft:bread":10,"minecraft:iron_pickaxe":863,"minecraft:gravel":13,"minecraft:stone_axe":333,"minecraft:cobblestone":12,"minecraft:porkchop":1,"minecraft:cooked_porkchop":21,"minecraft:bucket":25,"minecraft:oak_boat":7,"minecraft:yellow_bed":3,"minecraft:dandelion":1,"minecraft:golden_pickaxe":32},"minecraft:picked_up":{"minecraft:crafting_table":8,"minecraft:azure_bluet":5,"minecraft:chicken":1,"minecraft:wooden_pickaxe":3,"minecraft:gold_block":2,"minecraft:enchanted_book":3,"minecraft:shield":3,"minecraft:cornflower":3,"minecraft:string":2,"minecraft:iron_axe":3,"minecraft:blackstone":36,"minecraft:gold_nugget":83,"minecraft:beef":39,"minecraft:oak_boat":11,"minecraft:poppy":10,"minecraft:iron_pickaxe":2,"minecraft:sugar_cane":31,"minecraft:egg":2,"minecraft:furnace":6,"minecraft:stick":7,"minecraft:raw_iron":24,"minecraft:torch":11,"minecraft:porkchop":59,"minecraft:diorite":49,"minecraft:arrow":8,"minecraft:hay_block":8,"minecraft:gold_ingot":10,"minecraft:mutton":26,"minecraft:obsidian":3,"minecraft:white_wool":9,"minecraft:cobblestone":260,"minecraft:oxeye_daisy":4,"minecraft:magma_block":3,"minecraft:basalt":38,"minecraft:brown_wool":1,"minecraft:leather":19,"minecraft:oak_log":201,"minecraft:golden_boots":3,"minecraft:yellow_bed":3,"minecraft:dirt":149,"minecraft:cooked_mutton":2,"minecraft:bone":6,"minecraft:apple":7,"minecraft:stonecutter":1,"minecraft:wheat_seeds":23,"minecraft:stone_pickaxe":4,"minecraft:iron_ingot":44,"minecraft:soul_sand":11,"minecraft:oak_planks":265,"minecraft:warped_fungus":1,"minecraft:cooked_porkchop":14,"minecraft:pumpkin":12,"minecraft:quartz":42,"minecraft:dandelion":4,"minecraft:gravel":39,"minecraft:sand":8,"minecraft:white_bed":16,"minecraft:crying_obsidian":2,"minecraft:spectral_arrow":18,"minecraft:stone_axe":3,"minecraft:granite":55,"minecraft:emerald":8,"minecraft:gray_wool":3,"minecraft:bread":16,"minecraft:warped_roots":10,"minecraft:oak_sapling":8,"minecraft:netherrack":1319,"minecraft:black_wool":3,"minecraft:coal":85,"minecraft:crimson_roots":1},"minecraft:broken":{"minecraft:wooden_pickaxe":1,"minecraft:stone_pickaxe":3,"minecraft:golden_sword":1,"minecraft:iron_axe":1,"minecraft:stone_axe":2,"minecraft:iron_pickaxe":3,"minecraft:golden_pickaxe":1}},"DataVersion":3953}