{"stats":{"minecraft:crafted":{"minecraft:oak_planks":1480,"minecraft:oak_sign":9,"minecraft:stone":1,"minecraft:lever":1,"minecraft:bookshelf":1,"minecraft:cooked_mutton":50,"minecraft:glass":2,"minecraft:hopper":13,"minecraft:bow":1,"minecraft:chest":20,"minecraft:rail":48,"minecraft:stone_hoe":1,"minecraft:oak_slab":30,"minecraft:cooked_porkchop":37,"minecraft:crafting_table":8,"minecraft:iron_helmet":1,"minecraft:wooden_pickaxe":1,"minecraft:baked_potato":7,"minecraft:golden_pickaxe":1,"minecraft:dispenser":1,"minecraft:shield":1,"minecraft:stick":196,"minecraft:iron_ingot":46,"minecraft:iron_pickaxe":8,"minecraft:iron_block":58,"minecraft:gold_ingot":40,"minecraft:redstone_torch":5,"minecraft:composter":2,"minecraft:shears":1,"minecraft:stone_shovel":2,"minecraft:tripwire_hook":4,"minecraft:furnace":1,"minecraft:stone_button":1,"minecraft:oak_trapdoor":42,"minecraft:iron_axe":4,"minecraft:ladder":30,"minecraft:stone_pickaxe":3,"minecraft:golden_helmet":1,"minecraft:minecart":1,"minecraft:wheat":72,"minecraft:cooked_beef":4,"minecraft:powered_rail":6,"minecraft:bucket":2,"minecraft:stone_axe":4,"minecraft:bread":84,"minecraft:air":0,"minecraft:oak_fence_gate":5,"minecraft:oak_boat":2,"minecraft:white_wool":30,"minecraft:iron_leggings":1,"minecraft:white_bed":8,"minecraft:pumpkin_pie":12,"minecraft:torch":52},"minecraft:broken":{"minecraft:golden_shovel":1,"minecraft:stone_pickaxe":3,"minecraft:golden_sword":1,"minecraft:stone_axe":2,"minecraft:wooden_pickaxe":1,"minecraft:iron_axe":5,"minecraft:iron_pickaxe":6,"minecraft:golden_pickaxe":1},"minecraft:mined":{"minecraft:white_bed":45,"minecraft:granite":109,"minecraft:grass_block":259,"minecraft:hopper":6,"minecraft:oak_wall_sign":1,"minecraft:oxeye_daisy":1,"minecraft:magma_block":5,"minecraft:iron_ore":44,"minecraft:fire":22,"minecraft:pumpkin":3,"minecraft:azure_bluet":3,"minecraft:dirt_path":16,"minecraft:tripwire":2,"minecraft:blackstone":10,"minecraft:crimson_nylium":2,"minecraft:torch":3,"minecraft:poppy":3,"minecraft:chest":2,"minecraft:nether_quartz_ore":15,"minecraft:cobblestone":349,"minecraft:sugar_cane":23,"minecraft:oak_planks":145,"minecraft:wall_torch":3,"minecraft:warped_nylium":4,"minecraft:powered_rail":14,"minecraft:oak_log":308,"minecraft:oak_fence_gate":1,"minecraft:sand":6,"minecraft:dirt":220,"minecraft:tripwire_hook":3,"minecraft:stonecutter":2,"minecraft:netherrack":937,"minecraft:oak_leaves":33,"minecraft:deepslate":11,"minecraft:nether_gold_ore":27,"minecraft:ladder":3,"minecraft:crimson_roots":1,"minecraft:redstone_wire":1,"minecraft:spruce_leaves":3,"minecraft:cartography_table":1,"minecraft:hay_block":9,"minecraft:redstone_ore":3,"minecraft:oak_trapdoor":17,"minecraft:furnace":1,"minecraft:andesite":59,"minecraft:gold_block":2,"minecraft:bell":5,"minecraft:bookshelf":1,"minecraft:rail":75,"minecraft:stone":590,"minecraft:redstone_wall_torch":2,"minecraft:podzol":1,"minecraft:oak_slab":9,"minecraft:soul_sand":27,"minecraft:basalt":42,"minecraft:dandelion":4,"minecraft:crafting_table":17,"minecraft:cornflower":2,"minecraft:short_grass":231,"minecraft:warped_roots":4,"minecraft:tall_grass":16,"minecraft:copper_ore":1,"minecraft:lapis_ore":10,"minecraft:diorite":57,"minecraft:redstone_torch":8,"minecraft:birch_leaves":3,"minecraft:yellow_bed":7,"minecraft:coal_ore":65,"minecraft:sunflower":1,"minecraft:gravel":1,"minecraft:stone_bricks":1,"minecraft:gold_ore":10},"minecraft:dropped":{"minecraft:soul_sand":5,"minecraft:brown_mushroom":1,"minecraft:leather":9,"minecraft:dirt":35,"minecraft:iron_pickaxe":1,"minecraft:white_wool":11,"minecraft:gold_ingot":20,"minecraft:bone":39,"minecraft:rotten_flesh":3,"minecraft:oak_planks":1,"minecraft:carrot":118,"minecraft:poppy":4,"minecraft:leather_boots":2,"minecraft:arrow":5,"minecraft:iron_ingot":23,"minecraft:stone_hoe":4,"minecraft:oak_slab":2,"minecraft:wheat_seeds":43,"minecraft:golden_helmet":11,"minecraft:minecart":1,"minecraft:cobblestone":55,"minecraft:coal":64,"minecraft:stick":5,"minecraft:oxeye_daisy":1,"minecraft:iron_block":58,"minecraft:diorite":13,"minecraft:iron_leggings":1,"minecraft:stonecutter":1,"minecraft:iron_axe":13,"minecraft:string":1458,"minecraft:dandelion":1,"minecraft:oak_trapdoor":3,"minecraft:stone_shovel":6,"minecraft:hay_block":1,"minecraft:oak_sapling":8,"minecraft:spider_eye":2,"minecraft:raw_gold":1},"minecraft:custom":{"minecraft:interact_with_crafting_table":138,"minecraft:open_barrel":2,"minecraft:bell_ring":495,"minecraft:leave_game":16,"minecraft:time_since_death":106945,"minecraft:sprint_one_cm":2510015,"minecraft:damage_blocked_by_shield":60,"minecraft:drop":170,"minecraft:talked_to_villager":62,"minecraft:play_time":825814,"minecraft:deaths":19,"minecraft:jump":13240,"minecraft:interact_with_brewingstand":2,"minecraft:walk_on_water_one_cm":50879,"minecraft:interact_with_furnace":75,"minecraft:traded_with_villager":14,"minecraft:interact_with_cartography_table":1,"minecraft:sleep_in_bed":38,"minecraft:damage_dealt":40619,"minecraft:crouch_one_cm":48826,"minecraft:inspect_dispenser":19,"minecraft:mob_kills":142,"minecraft:inspect_hopper":3,"minecraft:climb_one_cm":53871,"minecraft:walk_one_cm":1592891,"minecraft:sneak_time":22323,"minecraft:walk_under_water_one_cm":11170,"minecraft:boat_one_cm":77624,"minecraft:interact_with_blast_furnace":1,"minecraft:total_world_time":825814,"minecraft:time_since_rest":45491,"minecraft:damage_taken":10173,"minecraft:minecart_one_cm":1072,"minecraft:swim_one_cm":21211,"minecraft:fly_one_cm":2293358,"minecraft:open_chest":176,"minecraft:fall_one_cm":348164},"minecraft:killed":{"minecraft:spider":9,"minecraft:skeleton":4,"minecraft:chicken":1,"minecraft:pig":18,"minecraft:iron_golem":25,"minecraft:creeper":5,"minecraft:sheep":38,"minecraft:trader_llama":2,"minecraft:zombie":18,"minecraft:cow":9,"minecraft:wandering_trader":1,"minecraft:hoglin":2,"minecraft:villager":1,"minecraft:enderman":4},"minecraft:picked_up":{"minecraft:lead":2,"minecraft:enchanted_book":3,"minecraft:string":2587,"minecraft:raw_copper":3,"minecraft:iron_leggings":2,"minecraft:diamond_leggings":3,"minecraft:gold_nugget":128,"minecraft:cobbled_deepslate":21,"minecraft:bucket":12,"minecraft:redstone_torch":30,"minecraft:iron_pickaxe":3,"minecraft:furnace":6,"minecraft:golden_helmet":10,"minecraft:stick":129,"minecraft:torch":23,"minecraft:porkchop":65,"minecraft:diorite":83,"minecraft:rotten_flesh":57,"minecraft:obsidian":3,"minecraft:cobblestone":1534,"minecraft:magma_block":3,"minecraft:andesite":58,"minecraft:brown_wool":1,"minecraft:lapis_lazuli":77,"minecraft:dirt":585,"minecraft:leather_boots":2,"minecraft:bone":86,"minecraft:stonecutter":9,"minecraft:wheat_seeds":69,"minecraft:raw_gold":12,"minecraft:bell":5,"minecraft:diamond_helmet":5,"minecraft:powered_rail":30,"minecraft:stone_hoe":5,"minecraft:oak_planks":672,"minecraft:cooked_porkchop":14,"minecraft:sand":10,"minecraft:spectral_arrow":18,"minecraft:granite":97,"minecraft:bone_meal":1,"minecraft:bread":76,"minecraft:emerald":191,"minecraft:oak_sapling":19,"minecraft:netherrack":1515,"minecraft:crimson_roots":2,"minecraft:diamond_pickaxe":7,"minecraft:crafting_table":26,"minecraft:azure_bluet":5,"minecraft:chicken":1,"minecraft:ladder":88,"minecraft:brown_mushroom":2,"minecraft:wooden_pickaxe":3,"minecraft:gold_block":2,"minecraft:shield":15,"minecraft:cornflower":6,"minecraft:oak_trapdoor":17,"minecraft:iron_axe":29,"minecraft:white_carpet":3,"minecraft:blackstone":36,"minecraft:cartography_table":2,"minecraft:beef":43,"minecraft:oak_boat":20,"minecraft:poppy":38,"minecraft:light_gray_wool":1,"minecraft:minecart":19,"minecraft:sugar_cane":167,"minecraft:chest":6,"minecraft:egg":2,"minecraft:raw_iron":66,"minecraft:carrot":161,"minecraft:redstone":80,"minecraft:arrow":19,"minecraft:diamond_chestplate":5,"minecraft:stone_shovel":7,"minecraft:pumpkin_pie":6,"minecraft:diamond_boots":3,"minecraft:hay_block":15,"minecraft:gold_ingot":26,"minecraft:mutton":114,"minecraft:white_wool":44,"minecraft:rail":258,"minecraft:oxeye_daisy":5,"minecraft:basalt":38,"minecraft:tripwire_hook":3,"minecraft:leather":83,"minecraft:oak_log":518,"minecraft:golden_boots":6,"minecraft:yellow_bed":13,"minecraft:gunpowder":39,"minecraft:cooked_mutton":50,"minecraft:apple":8,"minecraft:iron_ingot":121,"minecraft:stone_pickaxe":4,"minecraft:soul_sand":50,"minecraft:book":3,"minecraft:oak_slab":18,"minecraft:warped_fungus":1,"minecraft:pumpkin":12,"minecraft:quartz":42,"minecraft:dandelion":7,"minecraft:gravel":39,"minecraft:white_bed":62,"minecraft:crying_obsidian":2,"minecraft:spider_eye":8,"minecraft:campfire":78,"minecraft:stone_axe":3,"minecraft:iron_helmet":2,"minecraft:gray_wool":3,"minecraft:warped_roots":10,"minecraft:baked_potato":13,"minecraft:black_wool":4,"minecraft:coal":730,"minecraft:hopper":18,"minecraft:ender_pearl":2},"minecraft:killed_by":{"minecraft:zombie":4,"minecraft:spider":1,"minecraft:enderman":1,"minecraft:iron_golem":6},"minecraft:used":{"minecraft:dispenser":1,"minecraft:poppy":20,"minecraft:ladder":43,"minecraft:oak_sign":10,"minecraft:chest":8,"minecraft:shield":2,"minecraft:bell":5,"minecraft:soul_sand":13,"minecraft:carrot":41,"minecraft:azure_bluet":2,"minecraft:glass":2,"minecraft:lava_bucket":19,"minecraft:crimson_roots":1,"minecraft:golden_sword":29,"minecraft:magma_block":3,"minecraft:furnace":2,"minecraft:oak_sapling":3,"minecraft:egg":2,"minecraft:potato":3,"minecraft:golden_boots":1,"minecraft:oak_planks":842,"minecraft:stone_pickaxe":341,"minecraft:powered_rail":16,"minecraft:blackstone":19,"minecraft:wooden_pickaxe":49,"minecraft:composter":2,"minecraft:sugar_cane":4,"minecraft:sand":2,"minecraft:shears":1,"minecraft:redstone_torch":11,"minecraft:lever":1,"minecraft:crying_obsidian":1,"minecraft:bread":20,"minecraft:string":7,"minecraft:stone_button":1,"minecraft:gravel":13,"minecraft:oak_boat":15,"minecraft:golden_pickaxe":32,"minecraft:oak_trapdoor":53,"minecraft:flint_and_steel":2,"minecraft:stone_shovel":121,"minecraft:redstone":1,"minecraft:stone_hoe":66,"minecraft:netherrack":703,"minecraft:torch":57,"minecraft:dirt":507,"minecraft:white_carpet":3,"minecraft:hopper":19,"minecraft:golden_shovel":37,"minecraft:granite":55,"minecraft:oak_fence_gate":5,"minecraft:bookshelf":1,"minecraft:iron_axe":994,"minecraft:light_gray_wool":1,"minecraft:diamond_chestplate":2,"minecraft:tripwire_hook":5,"minecraft:minecart":5,"minecraft:cooked_beef":4,"minecraft:cobbled_deepslate":1,"minecraft:cooked_mutton":52,"minecraft:water_bucket":15,"minecraft:baked_potato":20,"minecraft:cartography_table":1,"minecraft:stonecutter":1,"minecraft:rail":81,"minecraft:oak_slab":20,"minecraft:crafting_table":23,"minecraft:white_bed":51,"minecraft:campfire":1,"minecraft:oak_log":10,"minecraft:apple":1,"minecraft:black_wool":1,"minecraft:cornflower":3,"minecraft:diamond_pickaxe":667,"minecraft:oxeye_daisy":2,"minecraft:chicken":1,"minecraft:iron_pickaxe":1613,"minecraft:stone_axe":333,"minecraft:cobblestone":651,"minecraft:porkchop":1,"minecraft:cooked_porkchop":27,"minecraft:bucket":34,"minecraft:yellow_bed":7,"minecraft:pumpkin_pie":12,"minecraft:dandelion":4}},"DataVersion":3953}