{"stats":{"minecraft:custom":{"minecraft:interact_with_crafting_table":115,"minecraft:open_barrel":2,"minecraft:bell_ring":168,"minecraft:leave_game":15,"minecraft:time_since_death":200316,"minecraft:sprint_one_cm":2130609,"minecraft:damage_blocked_by_shield":60,"minecraft:drop":97,"minecraft:talked_to_villager":58,"minecraft:play_time":695728,"minecraft:deaths":13,"minecraft:jump":11564,"minecraft:interact_with_brewingstand":2,"minecraft:walk_on_water_one_cm":30742,"minecraft:interact_with_furnace":75,"minecraft:traded_with_villager":13,"minecraft:interact_with_cartography_table":1,"minecraft:sleep_in_bed":37,"minecraft:damage_dealt":36918,"minecraft:crouch_one_cm":43944,"minecraft:inspect_dispenser":14,"minecraft:mob_kills":126,"minecraft:climb_one_cm":34790,"minecraft:walk_one_cm":1292629,"minecraft:sneak_time":19486,"minecraft:walk_under_water_one_cm":10296,"minecraft:boat_one_cm":77314,"minecraft:interact_with_blast_furnace":1,"minecraft:total_world_time":695728,"minecraft:time_since_rest":1814,"minecraft:damage_taken":7737,"minecraft:minecart_one_cm":1072,"minecraft:swim_one_cm":19508,"minecraft:fly_one_cm":2026146,"minecraft:open_chest":136,"minecraft:fall_one_cm":313278},"minecraft:dropped":{"minecraft:soul_sand":3,"minecraft:brown_mushroom":1,"minecraft:dirt":14,"minecraft:iron_pickaxe":1,"minecraft:white_wool":11,"minecraft:gold_ingot":20,"minecraft:bone":13,"minecraft:rotten_flesh":3,"minecraft:carrot":118,"minecraft:poppy":4,"minecraft:arrow":4,"minecraft:iron_ingot":23,"minecraft:stone_hoe":4,"minecraft:wheat_seeds":33,"minecraft:golden_helmet":11,"minecraft:minecart":1,"minecraft:cobblestone":55,"minecraft:stick":5,"minecraft:oxeye_daisy":1,"minecraft:diorite":13,"minecraft:iron_leggings":1,"minecraft:stonecutter":1,"minecraft:iron_axe":4,"minecraft:string":9,"minecraft:dandelion":1,"minecraft:oak_trapdoor":2,"minecraft:stone_shovel":6,"minecraft:oak_sapling":8,"minecraft:raw_gold":1},"minecraft:killed_by":{"minecraft:zombie":1,"minecraft:enderman":1,"minecraft:iron_golem":4},"minecraft:used":{"minecraft:dispenser":1,"minecraft:poppy":20,"minecraft:ladder":43,"minecraft:oak_sign":10,"minecraft:chest":5,"minecraft:shield":2,"minecraft:bell":2,"minecraft:soul_sand":13,"minecraft:carrot":41,"minecraft:azure_bluet":2,"minecraft:glass":2,"minecraft:lava_bucket":19,"minecraft:golden_sword":29,"minecraft:magma_block":3,"minecraft:furnace":2,"minecraft:oak_sapling":3,"minecraft:egg":2,"minecraft:potato":3,"minecraft:golden_boots":1,"minecraft:powered_rail":16,"minecraft:stone_pickaxe":341,"minecraft:oak_planks":519,"minecraft:blackstone":19,"minecraft:wooden_pickaxe":49,"minecraft:composter":2,"minecraft:sugar_cane":4,"minecraft:sand":2,"minecraft:redstone_torch":11,"minecraft:crying_obsidian":1,"minecraft:bread":17,"minecraft:stone_button":1,"minecraft:gravel":13,"minecraft:oak_boat":15,"minecraft:golden_pickaxe":32,"minecraft:oak_trapdoor":36,"minecraft:flint_and_steel":2,"minecraft:stone_shovel":121,"minecraft:redstone":1,"minecraft:stone_hoe":66,"minecraft:netherrack":687,"minecraft:torch":57,"minecraft:dirt":396,"minecraft:white_carpet":3,"minecraft:hopper":10,"minecraft:golden_shovel":37,"minecraft:granite":55,"minecraft:oak_fence_gate":5,"minecraft:iron_axe":801,"minecraft:light_gray_wool":1,"minecraft:minecart":5,"minecraft:cooked_beef":4,"minecraft:cobbled_deepslate":1,"minecraft:cooked_mutton":36,"minecraft:water_bucket":13,"minecraft:baked_potato":20,"minecraft:cartography_table":1,"minecraft:stonecutter":1,"minecraft:rail":73,"minecraft:oak_slab":10,"minecraft:crafting_table":20,"minecraft:white_bed":43,"minecraft:campfire":1,"minecraft:oak_log":10,"minecraft:diamond_pickaxe":514,"minecraft:cornflower":3,"minecraft:black_wool":1,"minecraft:oxeye_daisy":2,"minecraft:chicken":1,"minecraft:iron_pickaxe":1613,"minecraft:stone_axe":333,"minecraft:cobblestone":496,"minecraft:cooked_porkchop":27,"minecraft:porkchop":1,"minecraft:bucket":32,"minecraft:yellow_bed":6,"minecraft:pumpkin_pie":12,"minecraft:dandelion":4},"minecraft:crafted":{"minecraft:oak_planks":1116,"minecraft:oak_sign":9,"minecraft:stone":1,"minecraft:cooked_mutton":50,"minecraft:hopper":9,"minecraft:glass":2,"minecraft:bow":1,"minecraft:chest":14,"minecraft:rail":48,"minecraft:stone_hoe":1,"minecraft:oak_slab":30,"minecraft:cooked_porkchop":37,"minecraft:crafting_table":7,"minecraft:baked_potato":7,"minecraft:wooden_pickaxe":1,"minecraft:iron_helmet":1,"minecraft:golden_pickaxe":1,"minecraft:dispenser":1,"minecraft:shield":1,"minecraft:stick":196,"minecraft:iron_ingot":46,"minecraft:iron_pickaxe":8,"minecraft:gold_ingot":40,"minecraft:redstone_torch":5,"minecraft:composter":2,"minecraft:stone_shovel":2,"minecraft:furnace":1,"minecraft:stone_button":1,"minecraft:oak_trapdoor":24,"minecraft:iron_axe":4,"minecraft:ladder":30,"minecraft:stone_pickaxe":3,"minecraft:golden_helmet":1,"minecraft:minecart":1,"minecraft:cooked_beef":4,"minecraft:powered_rail":6,"minecraft:bucket":2,"minecraft:stone_axe":4,"minecraft:bread":60,"minecraft:air":0,"minecraft:oak_boat":2,"minecraft:oak_fence_gate":5,"minecraft:white_wool":16,"minecraft:iron_leggings":1,"minecraft:white_bed":4,"minecraft:pumpkin_pie":12,"minecraft:torch":52},"minecraft:broken":{"minecraft:golden_shovel":1,"minecraft:stone_pickaxe":3,"minecraft:golden_sword":1,"minecraft:stone_axe":2,"minecraft:wooden_pickaxe":1,"minecraft:iron_axe":4,"minecraft:iron_pickaxe":6,"minecraft:golden_pickaxe":1},"minecraft:killed":{"minecraft:spider":4,"minecraft:skeleton":3,"minecraft:chicken":1,"minecraft:pig":18,"minecraft:iron_golem":25,"minecraft:creeper":3,"minecraft:sheep":37,"minecraft:trader_llama":2,"minecraft:zombie":11,"minecraft:cow":9,"minecraft:wandering_trader":1,"minecraft:hoglin":2,"minecraft:villager":1,"minecraft:enderman":4},"minecraft:picked_up":{"minecraft:lead":2,"minecraft:enchanted_book":3,"minecraft:string":95,"minecraft:raw_copper":3,"minecraft:iron_leggings":2,"minecraft:diamond_leggings":1,"minecraft:gold_nugget":128,"minecraft:cobbled_deepslate":21,"minecraft:redstone_torch":10,"minecraft:iron_pickaxe":3,"minecraft:furnace":6,"minecraft:golden_helmet":10,"minecraft:stick":25,"minecraft:torch":20,"minecraft:porkchop":65,"minecraft:diorite":83,"minecraft:rotten_flesh":9,"minecraft:obsidian":3,"minecraft:cobblestone":1125,"minecraft:magma_block":3,"minecraft:andesite":58,"minecraft:brown_wool":1,"minecraft:dirt":436,"minecraft:lapis_lazuli":77,"minecraft:bone":19,"minecraft:stonecutter":3,"minecraft:wheat_seeds":55,"minecraft:raw_gold":12,"minecraft:bell":2,"minecraft:diamond_helmet":1,"minecraft:powered_rail":14,"minecraft:oak_planks":381,"minecraft:stone_hoe":5,"minecraft:cooked_porkchop":14,"minecraft:sand":10,"minecraft:spectral_arrow":18,"minecraft:granite":97,"minecraft:bread":76,"minecraft:emerald":127,"minecraft:oak_sapling":13,"minecraft:netherrack":1424,"minecraft:crimson_roots":1,"minecraft:diamond_pickaxe":1,"minecraft:crafting_table":19,"minecraft:azure_bluet":5,"minecraft:chicken":1,"minecraft:ladder":28,"minecraft:brown_mushroom":2,"minecraft:wooden_pickaxe":3,"minecraft:gold_block":2,"minecraft:shield":7,"minecraft:cornflower":6,"minecraft:oak_trapdoor":15,"minecraft:iron_axe":19,"minecraft:white_carpet":3,"minecraft:blackstone":36,"minecraft:cartography_table":2,"minecraft:beef":43,"minecraft:oak_boat":20,"minecraft:poppy":38,"minecraft:light_gray_wool":1,"minecraft:minecart":13,"minecraft:sugar_cane":79,"minecraft:chest":3,"minecraft:egg":2,"minecraft:raw_iron":66,"minecraft:carrot":159,"minecraft:redstone":40,"minecraft:arrow":13,"minecraft:diamond_chestplate":1,"minecraft:stone_shovel":7,"minecraft:pumpkin_pie":6,"minecraft:diamond_boots":1,"minecraft:hay_block":9,"minecraft:gold_ingot":10,"minecraft:mutton":114,"minecraft:white_wool":44,"minecraft:rail":70,"minecraft:oxeye_daisy":5,"minecraft:basalt":38,"minecraft:leather":29,"minecraft:oak_log":363,"minecraft:golden_boots":6,"minecraft:yellow_bed":7,"minecraft:gunpowder":5,"minecraft:cooked_mutton":2,"minecraft:apple":7,"minecraft:iron_ingot":121,"minecraft:stone_pickaxe":4,"minecraft:soul_sand":38,"minecraft:warped_fungus":1,"minecraft:pumpkin":12,"minecraft:quartz":42,"minecraft:dandelion":7,"minecraft:gravel":39,"minecraft:white_bed":43,"minecraft:crying_obsidian":2,"minecraft:stone_axe":3,"minecraft:campfire":34,"minecraft:iron_helmet":2,"minecraft:gray_wool":3,"minecraft:warped_roots":10,"minecraft:baked_potato":13,"minecraft:black_wool":4,"minecraft:coal":218,"minecraft:hopper":13,"minecraft:ender_pearl":2},"minecraft:mined":{"minecraft:white_bed":40,"minecraft:granite":109,"minecraft:grass_block":212,"minecraft:hopper":1,"minecraft:oak_wall_sign":1,"minecraft:oxeye_daisy":1,"minecraft:magma_block":5,"minecraft:iron_ore":44,"minecraft:fire":22,"minecraft:pumpkin":3,"minecraft:azure_bluet":3,"minecraft:dirt_path":16,"minecraft:blackstone":10,"minecraft:crimson_nylium":2,"minecraft:torch":2,"minecraft:poppy":2,"minecraft:chest":1,"minecraft:nether_quartz_ore":15,"minecraft:cobblestone":226,"minecraft:sugar_cane":21,"minecraft:oak_planks":110,"minecraft:wall_torch":3,"minecraft:warped_nylium":4,"minecraft:powered_rail":14,"minecraft:oak_log":294,"minecraft:oak_fence_gate":1,"minecraft:sand":6,"minecraft:dirt":154,"minecraft:stonecutter":2,"minecraft:netherrack":937,"minecraft:oak_leaves":33,"minecraft:deepslate":11,"minecraft:nether_gold_ore":27,"minecraft:ladder":3,"minecraft:crimson_roots":1,"minecraft:redstone_wire":1,"minecraft:spruce_leaves":3,"minecraft:cartography_table":1,"minecraft:hay_block":9,"minecraft:redstone_ore":3,"minecraft:oak_trapdoor":14,"minecraft:furnace":1,"minecraft:andesite":59,"minecraft:gold_block":2,"minecraft:bell":2,"minecraft:rail":67,"minecraft:stone":590,"minecraft:redstone_wall_torch":2,"minecraft:podzol":1,"minecraft:oak_slab":1,"minecraft:soul_sand":27,"minecraft:basalt":42,"minecraft:dandelion":4,"minecraft:crafting_table":15,"minecraft:cornflower":2,"minecraft:short_grass":180,"minecraft:warped_roots":4,"minecraft:tall_grass":15,"minecraft:copper_ore":1,"minecraft:lapis_ore":10,"minecraft:diorite":57,"minecraft:redstone_torch":8,"minecraft:birch_leaves":3,"minecraft:yellow_bed":6,"minecraft:coal_ore":65,"minecraft:sunflower":1,"minecraft:gravel":1,"minecraft:stone_bricks":1,"minecraft:gold_ore":10}},"DataVersion":3953}