{"stats":{"minecraft:crafted":{"minecraft:oak_planks":640,"minecraft:furnace":1,"minecraft:cooked_mutton":4,"minecraft:iron_axe":3,"minecraft:stone_pickaxe":3,"minecraft:chest":3,"minecraft:stone_hoe":1,"minecraft:cooked_porkchop":31,"minecraft:crafting_table":5,"minecraft:baked_potato":7,"minecraft:wooden_pickaxe":1,"minecraft:golden_pickaxe":1,"minecraft:bucket":2,"minecraft:stone_axe":4,"minecraft:air":0,"minecraft:oak_boat":1,"minecraft:shield":1,"minecraft:stick":44,"minecraft:iron_ingot":4,"minecraft:iron_pickaxe":5,"minecraft:gold_ingot":25,"minecraft:white_bed":1,"minecraft:torch":8},"minecraft:killed":{"minecraft:spider":1,"minecraft:skeleton":1,"minecraft:chicken":1,"minecraft:pig":16,"minecraft:iron_golem":9,"minecraft:hoglin":2,"minecraft:sheep":12,"minecraft:zombie":3,"minecraft:enderman":2,"minecraft:cow":7},"minecraft:dropped":{"minecraft:wheat_seeds":7,"minecraft:oxeye_daisy":1,"minecraft:diorite":12,"minecraft:dandelion":1,"minecraft:gold_ingot":20,"minecraft:poppy":3,"minecraft:oak_sapling":3},"minecraft:killed_by":{"minecraft:enderman":1,"minecraft:iron_golem":2,"minecraft:zombie":1},"minecraft:mined":{"minecraft:nether_gold_ore":19,"minecraft:white_bed":14,"minecraft:granite":57,"minecraft:grass_block":63,"minecraft:crimson_roots":1,"minecraft:spruce_leaves":3,"minecraft:oxeye_daisy":1,"minecraft:hay_block":8,"minecraft:magma_block":5,"minecraft:furnace":1,"minecraft:iron_ore":4,"minecraft:fire":22,"minecraft:pumpkin":3,"minecraft:azure_bluet":3,"minecraft:gold_block":2,"minecraft:dirt_path":15,"minecraft:stone":144,"minecraft:podzol":1,"minecraft:blackstone":10,"minecraft:crimson_nylium":2,"minecraft:basalt":42,"minecraft:dandelion":4,"minecraft:crafting_table":5,"minecraft:cornflower":2,"minecraft:torch":1,"minecraft:short_grass":93,"minecraft:poppy":2,"minecraft:warped_roots":4,"minecraft:nether_quartz_ore":15,"minecraft:tall_grass":15,"minecraft:cobblestone":3,"minecraft:sugar_cane":11,"minecraft:oak_planks":83,"minecraft:diorite":13,"minecraft:wall_torch":3,"minecraft:warped_nylium":4,"minecraft:birch_leaves":3,"minecraft:yellow_bed":3,"minecraft:oak_log":172,"minecraft:coal_ore":15,"minecraft:gravel":1,"minecraft:sand":4,"minecraft:dirt":59,"minecraft:stonecutter":1,"minecraft:stone_bricks":1,"minecraft:netherrack":819,"minecraft:oak_leaves":26},"minecraft:custom":{"minecraft:mob_kills":55,"minecraft:interact_with_crafting_table":39,"minecraft:open_barrel":2,"minecraft:bell_ring":95,"minecraft:leave_game":4,"minecraft:time_since_death":22610,"minecraft:climb_one_cm":1394,"minecraft:sprint_one_cm":1075671,"minecraft:walk_one_cm":564431,"minecraft:drop":23,"minecraft:talked_to_villager":31,"minecraft:play_time":307226,"minecraft:deaths":11,"minecraft:sneak_time":8991,"minecraft:walk_under_water_one_cm":7053,"minecraft:boat_one_cm":74974,"minecraft:jump":5881,"minecraft:interact_with_brewingstand":2,"minecraft:interact_with_blast_furnace":1,"minecraft:walk_on_water_one_cm":18726,"minecraft:total_world_time":307226,"minecraft:interact_with_furnace":30,"minecraft:interact_with_cartography_table":1,"minecraft:sleep_in_bed":17,"minecraft:time_since_rest":8757,"minecraft:damage_taken":4514,"minecraft:damage_dealt":14089,"minecraft:swim_one_cm":4619,"minecraft:fly_one_cm":1055075,"minecraft:open_chest":60,"minecraft:crouch_one_cm":27006,"minecraft:fall_one_cm":171002},"minecraft:used":{"minecraft:flint_and_steel":2,"minecraft:chest":2,"minecraft:netherrack":685,"minecraft:torch":12,"minecraft:dirt":118,"minecraft:granite":55,"minecraft:azure_bluet":2,"minecraft:lava_bucket":18,"minecraft:iron_axe":213,"minecraft:golden_sword":29,"minecraft:magma_block":3,"minecraft:oak_sapling":3,"minecraft:furnace":2,"minecraft:egg":2,"minecraft:potato":3,"minecraft:golden_boots":1,"minecraft:cooked_mutton":6,"minecraft:water_bucket":7,"minecraft:baked_potato":12,"minecraft:oak_planks":436,"minecraft:stone_pickaxe":341,"minecraft:blackstone":19,"minecraft:wooden_pickaxe":49,"minecraft:stonecutter":1,"minecraft:sugar_cane":2,"minecraft:sand":2,"minecraft:crafting_table":9,"minecraft:campfire":1,"minecraft:white_bed":14,"minecraft:oak_log":9,"minecraft:oxeye_daisy":1,"minecraft:crying_obsidian":1,"minecraft:chicken":1,"minecraft:bread":10,"minecraft:iron_pickaxe":863,"minecraft:gravel":13,"minecraft:stone_axe":333,"minecraft:cobblestone":17,"minecraft:porkchop":1,"minecraft:cooked_porkchop":21,"minecraft:bucket":25,"minecraft:oak_boat":7,"minecraft:yellow_bed":3,"minecraft:dandelion":1,"minecraft:golden_pickaxe":32},"minecraft:picked_up":{"minecraft:crafting_table":8,"minecraft:azure_bluet":5,"minecraft:chicken":1,"minecraft:wooden_pickaxe":3,"minecraft:gold_block":2,"minecraft:enchanted_book":3,"minecraft:shield":3,"minecraft:cornflower":4,"minecraft:string":76,"minecraft:iron_axe":3,"minecraft:blackstone":36,"minecraft:gold_nugget":83,"minecraft:beef":39,"minecraft:oak_boat":11,"minecraft:poppy":11,"minecraft:iron_pickaxe":2,"minecraft:sugar_cane":31,"minecraft:egg":2,"minecraft:furnace":6,"minecraft:stick":7,"minecraft:raw_iron":24,"minecraft:torch":11,"minecraft:porkchop":59,"minecraft:diorite":49,"minecraft:carrot":40,"minecraft:arrow":8,"minecraft:hay_block":8,"minecraft:gold_ingot":10,"minecraft:obsidian":3,"minecraft:mutton":27,"minecraft:white_wool":10,"minecraft:cobblestone":260,"minecraft:oxeye_daisy":4,"minecraft:magma_block":3,"minecraft:basalt":38,"minecraft:brown_wool":1,"minecraft:leather":19,"minecraft:oak_log":226,"minecraft:golden_boots":4,"minecraft:yellow_bed":3,"minecraft:dirt":167,"minecraft:cooked_mutton":2,"minecraft:bone":6,"minecraft:apple":7,"minecraft:stonecutter":1,"minecraft:wheat_seeds":27,"minecraft:stone_pickaxe":4,"minecraft:iron_ingot":49,"minecraft:soul_sand":11,"minecraft:oak_planks":268,"minecraft:warped_fungus":1,"minecraft:cooked_porkchop":14,"minecraft:pumpkin":12,"minecraft:quartz":42,"minecraft:dandelion":7,"minecraft:gravel":39,"minecraft:sand":8,"minecraft:white_bed":16,"minecraft:crying_obsidian":2,"minecraft:spectral_arrow":18,"minecraft:campfire":12,"minecraft:stone_axe":3,"minecraft:granite":55,"minecraft:emerald":8,"minecraft:gray_wool":3,"minecraft:bread":16,"minecraft:warped_roots":10,"minecraft:baked_potato":13,"minecraft:oak_sapling":8,"minecraft:netherrack":1319,"minecraft:black_wool":3,"minecraft:coal":85,"minecraft:crimson_roots":1},"minecraft:broken":{"minecraft:wooden_pickaxe":1,"minecraft:stone_pickaxe":3,"minecraft:golden_sword":1,"minecraft:iron_axe":1,"minecraft:stone_axe":2,"minecraft:iron_pickaxe":3,"minecraft:golden_pickaxe":1}},"DataVersion":3953}