{"stats":{"minecraft:crafted":{"minecraft:oak_planks":216,"minecraft:cooked_porkchop":4,"minecraft:crafting_table":4,"minecraft:baked_potato":7,"minecraft:wooden_pickaxe":1,"minecraft:furnace":1,"minecraft:bucket":2,"minecraft:stone_axe":4,"minecraft:cooked_mutton":4,"minecraft:air":0,"minecraft:oak_boat":1,"minecraft:stick":20,"minecraft:iron_ingot":4,"minecraft:stone_pickaxe":3,"minecraft:chest":1,"minecraft:gold_ingot":6,"minecraft:white_bed":1,"minecraft:torch":8},"minecraft:killed":{"minecraft:pig":6,"minecraft:spider":1,"minecraft:iron_golem":3,"minecraft:sheep":8,"minecraft:zombie":2,"minecraft:chicken":1},"minecraft:dropped":{"minecraft:wheat_seeds":6,"minecraft:oxeye_daisy":1,"minecraft:poppy":3,"minecraft:diorite":12,"minecraft:oak_sapling":3,"minecraft:gold_ingot":5,"minecraft:dandelion":1},"minecraft:killed_by":{"minecraft:iron_golem":1},"minecraft:mined":{"minecraft:podzol":1,"minecraft:nether_gold_ore":15,"minecraft:white_bed":14,"minecraft:dandelion":1,"minecraft:crafting_table":4,"minecraft:cornflower":1,"minecraft:torch":1,"minecraft:granite":57,"minecraft:short_grass":36,"minecraft:grass_block":44,"minecraft:poppy":1,"minecraft:nether_quartz_ore":4,"minecraft:tall_grass":11,"minecraft:cobblestone":1,"minecraft:spruce_leaves":3,"minecraft:sugar_cane":1,"minecraft:oak_planks":58,"minecraft:oxeye_daisy":1,"minecraft:diorite":13,"minecraft:wall_torch":3,"minecraft:hay_block":8,"minecraft:magma_block":5,"minecraft:furnace":1,"minecraft:iron_ore":4,"minecraft:fire":4,"minecraft:birch_leaves":3,"minecraft:pumpkin":3,"minecraft:yellow_bed":3,"minecraft:azure_bluet":1,"minecraft:oak_log":140,"minecraft:coal_ore":15,"minecraft:dirt_path":15,"minecraft:gravel":1,"minecraft:sand":4,"minecraft:dirt":54,"minecraft:stone":144,"minecraft:stone_bricks":1,"minecraft:netherrack":30,"minecraft:oak_leaves":22},"minecraft:custom":{"minecraft:interact_with_furnace":13,"minecraft:mob_kills":22,"minecraft:interact_with_crafting_table":16,"minecraft:interact_with_cartography_table":1,"minecraft:bell_ring":95,"minecraft:leave_game":2,"minecraft:time_since_death":60998,"minecraft:sleep_in_bed":10,"minecraft:climb_one_cm":1394,"minecraft:time_since_rest":19285,"minecraft:sprint_one_cm":565925,"minecraft:damage_taken":2217,"minecraft:walk_one_cm":280297,"minecraft:drop":11,"minecraft:damage_dealt":4685,"minecraft:swim_one_cm":3794,"minecraft:talked_to_villager":30,"minecraft:fly_one_cm":594108,"minecraft:open_chest":22,"minecraft:crouch_one_cm":1597,"minecraft:play_time":169962,"minecraft:deaths":6,"minecraft:sneak_time":940,"minecraft:walk_under_water_one_cm":6812,"minecraft:boat_one_cm":74821,"minecraft:interact_with_brewingstand":2,"minecraft:jump":3435,"minecraft:interact_with_blast_furnace":1,"minecraft:walk_on_water_one_cm":16869,"minecraft:total_world_time":169962,"minecraft:fall_one_cm":102615},"minecraft:used":{"minecraft:cooked_mutton":6,"minecraft:water_bucket":7,"minecraft:flint_and_steel":2,"minecraft:stone_pickaxe":341,"minecraft:baked_potato":4,"minecraft:oak_planks":188,"minecraft:chest":1,"minecraft:wooden_pickaxe":49,"minecraft:sugar_cane":2,"minecraft:netherrack":7,"minecraft:torch":12,"minecraft:sand":2,"minecraft:dirt":95,"minecraft:crafting_table":7,"minecraft:white_bed":14,"minecraft:granite":55,"minecraft:azure_bluet":1,"minecraft:oak_log":2,"minecraft:lava_bucket":18,"minecraft:oxeye_daisy":1,"minecraft:chicken":1,"minecraft:bread":8,"minecraft:gravel":13,"minecraft:stone_axe":285,"minecraft:magma_block":3,"minecraft:cobblestone":12,"minecraft:oak_sapling":3,"minecraft:porkchop":1,"minecraft:furnace":2,"minecraft:cooked_porkchop":4,"minecraft:oak_boat":4,"minecraft:bucket":25,"minecraft:egg":1,"minecraft:yellow_bed":3,"minecraft:potato":3,"minecraft:dandelion":1},"minecraft:picked_up":{"minecraft:magma_block":3,"minecraft:crafting_table":7,"minecraft:azure_bluet":2,"minecraft:chicken":1,"minecraft:brown_wool":1,"minecraft:wooden_pickaxe":3,"minecraft:enchanted_book":1,"minecraft:oak_log":137,"minecraft:yellow_bed":3,"minecraft:string":2,"minecraft:cornflower":3,"minecraft:dirt":143,"minecraft:cooked_mutton":2,"minecraft:blackstone":15,"minecraft:apple":7,"minecraft:wheat_seeds":21,"minecraft:gold_nugget":60,"minecraft:stone_pickaxe":4,"minecraft:iron_ingot":23,"minecraft:oak_boat":8,"minecraft:soul_sand":3,"minecraft:poppy":7,"minecraft:sugar_cane":12,"minecraft:oak_planks":142,"minecraft:egg":1,"minecraft:furnace":6,"minecraft:stick":5,"minecraft:raw_iron":24,"minecraft:pumpkin":12,"minecraft:quartz":4,"minecraft:torch":11,"minecraft:dandelion":4,"minecraft:gravel":13,"minecraft:porkchop":11,"minecraft:sand":8,"minecraft:diorite":49,"minecraft:white_bed":16,"minecraft:stone_axe":3,"minecraft:hay_block":8,"minecraft:obsidian":1,"minecraft:granite":55,"minecraft:emerald":8,"minecraft:bread":16,"minecraft:oak_sapling":8,"minecraft:netherrack":23,"minecraft:mutton":14,"minecraft:coal":85,"minecraft:white_wool":7,"minecraft:cobblestone":256,"minecraft:oxeye_daisy":4},"minecraft:broken":{"minecraft:stone_pickaxe":3,"minecraft:stone_axe":2,"minecraft:wooden_pickaxe":1}},"DataVersion":3953}