{"stats":{"minecraft:mined":{"minecraft:podzol":1,"minecraft:white_bed":2,"minecraft:furnace":1,"minecraft:birch_leaves":3,"minecraft:crafting_table":1,"minecraft:short_grass":5,"minecraft:grass_block":6,"minecraft:oak_log":11,"minecraft:coal_ore":15,"minecraft:dirt":2,"minecraft:spruce_leaves":3,"minecraft:stone":74,"minecraft:sugar_cane":1,"minecraft:oak_leaves":4,"minecraft:wall_torch":2},"minecraft:killed":{"minecraft:sheep":3},"minecraft:crafted":{"minecraft:oak_planks":44,"minecraft:crafting_table":1,"minecraft:stick":8,"minecraft:wooden_pickaxe":1,"minecraft:stone_pickaxe":1,"minecraft:furnace":1,"minecraft:white_bed":1,"minecraft:torch":4,"minecraft:stone_axe":1,"minecraft:cooked_mutton":3},"minecraft:used":{"minecraft:cooked_mutton":5,"minecraft:stone_pickaxe":91,"minecraft:wooden_pickaxe":6,"minecraft:stone_axe":6,"minecraft:torch":2,"minecraft:dirt":9,"minecraft:crafting_table":1,"minecraft:furnace":1,"minecraft:white_bed":2},"minecraft:picked_up":{"minecraft:crafting_table":1,"minecraft:torch":2,"minecraft:oak_log":11,"minecraft:white_bed":2,"minecraft:dirt":9,"minecraft:cooked_mutton":2,"minecraft:sugar_cane":2,"minecraft:oak_planks":26,"minecraft:mutton":5,"minecraft:coal":15,"minecraft:white_wool":3,"minecraft:cobblestone":74,"minecraft:furnace":1},"minecraft:custom":{"minecraft:time_since_rest":5131,"minecraft:interact_with_furnace":2,"minecraft:sprint_one_cm":111196,"minecraft:damage_taken":260,"minecraft:walk_one_cm":54087,"minecraft:mob_kills":3,"minecraft:damage_dealt":242,"minecraft:talked_to_villager":10,"minecraft:interact_with_crafting_table":4,"minecraft:fly_one_cm":118782,"minecraft:open_chest":2,"minecraft:crouch_one_cm":323,"minecraft:play_time":31493,"minecraft:bell_ring":2,"minecraft:sneak_time":92,"minecraft:jump":797,"minecraft:interact_with_brewingstand":2,"minecraft:walk_on_water_one_cm":5541,"minecraft:time_since_death":31493,"minecraft:sleep_in_bed":2,"minecraft:total_world_time":31493,"minecraft:fall_one_cm":22915}},"DataVersion":3953}