{"stats":{"minecraft:custom":{"minecraft:mob_kills":109,"minecraft:interact_with_crafting_table":109,"minecraft:open_barrel":2,"minecraft:bell_ring":103,"minecraft:leave_game":14,"minecraft:time_since_death":106429,"minecraft:climb_one_cm":25908,"minecraft:sprint_one_cm":1729966,"minecraft:walk_one_cm":1075422,"minecraft:drop":59,"minecraft:talked_to_villager":48,"minecraft:play_time":601841,"minecraft:sneak_time":18081,"minecraft:deaths":13,"minecraft:walk_under_water_one_cm":10296,"minecraft:boat_one_cm":77314,"minecraft:interact_with_brewingstand":2,"minecraft:jump":9791,"minecraft:interact_with_blast_furnace":1,"minecraft:walk_on_water_one_cm":30414,"minecraft:total_world_time":601841,"minecraft:interact_with_furnace":74,"minecraft:traded_with_villager":13,"minecraft:interact_with_cartography_table":1,"minecraft:sleep_in_bed":34,"minecraft:time_since_rest":15335,"minecraft:damage_taken":6808,"minecraft:minecart_one_cm":289,"minecraft:damage_dealt":33400,"minecraft:swim_one_cm":19508,"minecraft:fly_one_cm":1684494,"minecraft:open_chest":120,"minecraft:crouch_one_cm":41468,"minecraft:inspect_dispenser":4,"minecraft:fall_one_cm":266531},"minecraft:dropped":{"minecraft:iron_ingot":18,"minecraft:soul_sand":3,"minecraft:brown_mushroom":1,"minecraft:wheat_seeds":29,"minecraft:cobblestone":55,"minecraft:stick":5,"minecraft:oxeye_daisy":1,"minecraft:dirt":14,"minecraft:diorite":13,"minecraft:iron_leggings":1,"minecraft:iron_pickaxe":1,"minecraft:string":9,"minecraft:white_wool":11,"minecraft:dandelion":1,"minecraft:gold_ingot":20,"minecraft:oak_trapdoor":2,"minecraft:rotten_flesh":3,"minecraft:poppy":4,"minecraft:oak_sapling":8,"minecraft:raw_gold":1},"minecraft:killed_by":{"minecraft:enderman":1,"minecraft:iron_golem":4,"minecraft:zombie":1},"minecraft:used":{"minecraft:oak_trapdoor":36,"minecraft:flint_and_steel":2,"minecraft:stone_shovel":121,"minecraft:dispenser":1,"minecraft:redstone":1,"minecraft:ladder":43,"minecraft:poppy":20,"minecraft:oak_sign":10,"minecraft:chest":5,"minecraft:stone_hoe":66,"minecraft:netherrack":685,"minecraft:torch":16,"minecraft:soul_sand":13,"minecraft:dirt":365,"minecraft:hopper":10,"minecraft:white_carpet":3,"minecraft:carrot":41,"minecraft:golden_shovel":37,"minecraft:granite":55,"minecraft:azure_bluet":2,"minecraft:oak_fence_gate":5,"minecraft:glass":2,"minecraft:lava_bucket":18,"minecraft:iron_axe":735,"minecraft:light_gray_wool":1,"minecraft:golden_sword":29,"minecraft:magma_block":3,"minecraft:oak_sapling":3,"minecraft:furnace":2,"minecraft:minecart":2,"minecraft:egg":2,"minecraft:potato":3,"minecraft:cooked_beef":4,"minecraft:cobbled_deepslate":1,"minecraft:golden_boots":1,"minecraft:cooked_mutton":13,"minecraft:water_bucket":13,"minecraft:baked_potato":20,"minecraft:oak_planks":506,"minecraft:stone_pickaxe":341,"minecraft:powered_rail":13,"minecraft:cartography_table":1,"minecraft:blackstone":19,"minecraft:sugar_cane":4,"minecraft:wooden_pickaxe":49,"minecraft:composter":2,"minecraft:stonecutter":1,"minecraft:sand":2,"minecraft:rail":53,"minecraft:oak_slab":10,"minecraft:crafting_table":19,"minecraft:white_bed":27,"minecraft:campfire":1,"minecraft:black_wool":1,"minecraft:redstone_torch":7,"minecraft:oak_log":10,"minecraft:cornflower":3,"minecraft:diamond_pickaxe":314,"minecraft:oxeye_daisy":2,"minecraft:crying_obsidian":1,"minecraft:chicken":1,"minecraft:bread":17,"minecraft:iron_pickaxe":1613,"minecraft:stone_button":1,"minecraft:gravel":13,"minecraft:stone_axe":333,"minecraft:dandelion":4,"minecraft:cobblestone":310,"minecraft:porkchop":1,"minecraft:cooked_porkchop":27,"minecraft:golden_pickaxe":32,"minecraft:oak_boat":11,"minecraft:pumpkin_pie":12,"minecraft:bucket":31,"minecraft:yellow_bed":5},"minecraft:crafted":{"minecraft:oak_planks":1116,"minecraft:stone_shovel":1,"minecraft:oak_sign":9,"minecraft:furnace":1,"minecraft:stone_button":1,"minecraft:stone":1,"minecraft:cooked_mutton":50,"minecraft:oak_trapdoor":24,"minecraft:glass":2,"minecraft:hopper":9,"minecraft:bow":1,"minecraft:iron_axe":4,"minecraft:ladder":30,"minecraft:stone_pickaxe":3,"minecraft:chest":14,"minecraft:rail":32,"minecraft:stone_hoe":1,"minecraft:minecart":1,"minecraft:cooked_beef":4,"minecraft:oak_slab":30,"minecraft:cooked_porkchop":37,"minecraft:crafting_table":7,"minecraft:iron_helmet":1,"minecraft:wooden_pickaxe":1,"minecraft:powered_rail":6,"minecraft:baked_potato":7,"minecraft:golden_pickaxe":1,"minecraft:bucket":2,"minecraft:stone_axe":4,"minecraft:air":0,"minecraft:bread":60,"minecraft:dispenser":1,"minecraft:oak_fence_gate":5,"minecraft:oak_boat":2,"minecraft:white_wool":16,"minecraft:shield":1,"minecraft:stick":196,"minecraft:iron_ingot":46,"minecraft:iron_pickaxe":8,"minecraft:iron_leggings":1,"minecraft:gold_ingot":35,"minecraft:white_bed":4,"minecraft:redstone_torch":5,"minecraft:pumpkin_pie":12,"minecraft:composter":2,"minecraft:torch":12},"minecraft:broken":{"minecraft:golden_shovel":1,"minecraft:wooden_pickaxe":1,"minecraft:stone_pickaxe":3,"minecraft:golden_sword":1,"minecraft:iron_axe":3,"minecraft:stone_axe":2,"minecraft:iron_pickaxe":6,"minecraft:golden_pickaxe":1},"minecraft:killed":{"minecraft:spider":1,"minecraft:skeleton":1,"minecraft:chicken":1,"minecraft:pig":18,"minecraft:iron_golem":25,"minecraft:wandering_trader":1,"minecraft:hoglin":2,"minecraft:sheep":37,"minecraft:trader_llama":2,"minecraft:zombie":4,"minecraft:villager":1,"minecraft:enderman":4,"minecraft:cow":9},"minecraft:picked_up":{"minecraft:crafting_table":18,"minecraft:azure_bluet":5,"minecraft:chicken":1,"minecraft:ladder":28,"minecraft:brown_mushroom":2,"minecraft:lead":2,"minecraft:wooden_pickaxe":3,"minecraft:gold_block":2,"minecraft:enchanted_book":3,"minecraft:shield":7,"minecraft:cornflower":6,"minecraft:oak_trapdoor":15,"minecraft:string":94,"minecraft:raw_copper":3,"minecraft:iron_axe":16,"minecraft:iron_leggings":2,"minecraft:white_carpet":3,"minecraft:blackstone":36,"minecraft:diamond_leggings":1,"minecraft:cartography_table":2,"minecraft:gold_nugget":83,"minecraft:cobbled_deepslate":21,"minecraft:beef":43,"minecraft:minecart":3,"minecraft:redstone_torch":6,"minecraft:oak_boat":16,"minecraft:poppy":38,"minecraft:iron_pickaxe":3,"minecraft:light_gray_wool":1,"minecraft:sugar_cane":79,"minecraft:chest":3,"minecraft:furnace":6,"minecraft:egg":2,"minecraft:stick":25,"minecraft:raw_iron":66,"minecraft:torch":19,"minecraft:porkchop":65,"minecraft:diorite":83,"minecraft:carrot":41,"minecraft:redstone":40,"minecraft:arrow":8,"minecraft:stone_shovel":2,"minecraft:rotten_flesh":5,"minecraft:diamond_chestplate":1,"minecraft:pumpkin_pie":6,"minecraft:diamond_boots":1,"minecraft:hay_block":8,"minecraft:gold_ingot":10,"minecraft:obsidian":3,"minecraft:mutton":114,"minecraft:rail":33,"minecraft:white_wool":44,"minecraft:cobblestone":1025,"minecraft:oxeye_daisy":5,"minecraft:magma_block":3,"minecraft:basalt":38,"minecraft:andesite":58,"minecraft:brown_wool":1,"minecraft:leather":29,"minecraft:oak_log":363,"minecraft:golden_boots":6,"minecraft:yellow_bed":6,"minecraft:lapis_lazuli":77,"minecraft:dirt":406,"minecraft:cooked_mutton":2,"minecraft:bone":6,"minecraft:apple":7,"minecraft:stonecutter":1,"minecraft:wheat_seeds":52,"minecraft:raw_gold":12,"minecraft:iron_ingot":121,"minecraft:stone_pickaxe":4,"minecraft:diamond_helmet":1,"minecraft:powered_rail":10,"minecraft:stone_hoe":2,"minecraft:oak_planks":381,"minecraft:soul_sand":38,"minecraft:warped_fungus":1,"minecraft:cooked_porkchop":14,"minecraft:pumpkin":12,"minecraft:quartz":42,"minecraft:dandelion":7,"minecraft:gravel":39,"minecraft:sand":10,"minecraft:white_bed":31,"minecraft:crying_obsidian":2,"minecraft:spectral_arrow":18,"minecraft:campfire":34,"minecraft:stone_axe":3,"minecraft:iron_helmet":2,"minecraft:granite":97,"minecraft:gray_wool":3,"minecraft:emerald":127,"minecraft:bread":76,"minecraft:warped_roots":10,"minecraft:baked_potato":13,"minecraft:oak_sapling":13,"minecraft:netherrack":1407,"minecraft:black_wool":4,"minecraft:coal":218,"minecraft:hopper":13,"minecraft:crimson_roots":1,"minecraft:diamond_pickaxe":1,"minecraft:ender_pearl":2},"minecraft:mined":{"minecraft:nether_gold_ore":19,"minecraft:white_bed":27,"minecraft:ladder":3,"minecraft:granite":108,"minecraft:grass_block":210,"minecraft:crimson_roots":1,"minecraft:redstone_wire":1,"minecraft:spruce_leaves":3,"minecraft:cartography_table":1,"minecraft:hopper":1,"minecraft:oxeye_daisy":1,"minecraft:oak_wall_sign":1,"minecraft:hay_block":8,"minecraft:redstone_ore":3,"minecraft:magma_block":5,"minecraft:oak_trapdoor":14,"minecraft:furnace":1,"minecraft:iron_ore":44,"minecraft:fire":22,"minecraft:andesite":59,"minecraft:pumpkin":3,"minecraft:azure_bluet":3,"minecraft:gold_block":2,"minecraft:dirt_path":16,"minecraft:rail":31,"minecraft:stone":590,"minecraft:redstone_wall_torch":2,"minecraft:podzol":1,"minecraft:oak_slab":1,"minecraft:soul_sand":27,"minecraft:blackstone":10,"minecraft:crimson_nylium":2,"minecraft:basalt":42,"minecraft:dandelion":4,"minecraft:cornflower":2,"minecraft:crafting_table":14,"minecraft:torch":1,"minecraft:short_grass":168,"minecraft:poppy":2,"minecraft:warped_roots":4,"minecraft:chest":1,"minecraft:nether_quartz_ore":15,"minecraft:copper_ore":1,"minecraft:tall_grass":15,"minecraft:cobblestone":121,"minecraft:lapis_ore":10,"minecraft:oak_planks":110,"minecraft:sugar_cane":21,"minecraft:wall_torch":3,"minecraft:diorite":57,"minecraft:warped_nylium":4,"minecraft:powered_rail":10,"minecraft:redstone_torch":4,"minecraft:birch_leaves":3,"minecraft:yellow_bed":5,"minecraft:coal_ore":65,"minecraft:oak_log":294,"minecraft:oak_fence_gate":1,"minecraft:gravel":1,"minecraft:sunflower":1,"minecraft:sand":6,"minecraft:dirt":137,"minecraft:stone_bricks":1,"minecraft:stonecutter":1,"minecraft:netherrack":920,"minecraft:gold_ore":10,"minecraft:oak_leaves":33,"minecraft:deepslate":11}},"DataVersion":3953}