{"stats":{"minecraft:mined":{"minecraft:white_bed":1,"minecraft:furnace":1,"minecraft:birch_leaves":3,"minecraft:crafting_table":1,"minecraft:short_grass":5,"minecraft:grass_block":5,"minecraft:oak_log":11,"minecraft:coal_ore":15,"minecraft:stone":74,"minecraft:sugar_cane":1,"minecraft:oak_leaves":4,"minecraft:wall_torch":2},"minecraft:killed":{"minecraft:sheep":3},"minecraft:crafted":{"minecraft:oak_planks":44,"minecraft:crafting_table":1,"minecraft:stick":8,"minecraft:wooden_pickaxe":1,"minecraft:stone_pickaxe":1,"minecraft:furnace":1,"minecraft:white_bed":1,"minecraft:torch":4,"minecraft:stone_axe":1,"minecraft:cooked_mutton":3},"minecraft:used":{"minecraft:cooked_mutton":2,"minecraft:stone_pickaxe":91,"minecraft:wooden_pickaxe":6,"minecraft:stone_axe":2,"minecraft:torch":2,"minecraft:crafting_table":1,"minecraft:furnace":1,"minecraft:white_bed":1},"minecraft:picked_up":{"minecraft:crafting_table":1,"minecraft:torch":2,"minecraft:oak_log":11,"minecraft:white_bed":1,"minecraft:dirt":5,"minecraft:cooked_mutton":2,"minecraft:sugar_cane":2,"minecraft:oak_planks":26,"minecraft:mutton":5,"minecraft:coal":15,"minecraft:white_wool":3,"minecraft:cobblestone":74,"minecraft:furnace":1},"minecraft:custom":{"minecraft:time_since_rest":7206,"minecraft:interact_with_furnace":2,"minecraft:sprint_one_cm":51346,"minecraft:damage_taken":100,"minecraft:walk_one_cm":22089,"minecraft:mob_kills":3,"minecraft:damage_dealt":242,"minecraft:interact_with_crafting_table":4,"minecraft:fly_one_cm":69391,"minecraft:play_time":19493,"minecraft:sneak_time":2,"minecraft:jump":445,"minecraft:walk_on_water_one_cm":4231,"minecraft:time_since_death":19493,"minecraft:sleep_in_bed":1,"minecraft:total_world_time":19493,"minecraft:fall_one_cm":11842}},"DataVersion":3953}