{"stats":{"minecraft:mined":{"minecraft:short_grass":4,"minecraft:coal_ore":15,"minecraft:oak_log":11,"minecraft:stone":23,"minecraft:oak_leaves":2},"minecraft:killed":{"minecraft:sheep":3},"minecraft:crafted":{"minecraft:furnace":1,"minecraft:white_bed":1,"minecraft:oak_planks":44,"minecraft:stone_axe":1,"minecraft:crafting_table":1,"minecraft:stick":8,"minecraft:stone_pickaxe":1,"minecraft:wooden_pickaxe":1},"minecraft:used":{"minecraft:crafting_table":1,"minecraft:stone_pickaxe":33,"minecraft:wooden_pickaxe":5},"minecraft:picked_up":{"minecraft:oak_log":11,"minecraft:coal":15,"minecraft:mutton":5,"minecraft:white_wool":3,"minecraft:cobblestone":23},"minecraft:custom":{"minecraft:time_since_rest":7493,"minecraft:play_time":7493,"minecraft:sprint_one_cm":14932,"minecraft:damage_taken":30,"minecraft:walk_one_cm":9816,"minecraft:mob_kills":3,"minecraft:jump":100,"minecraft:damage_dealt":242,"minecraft:time_since_death":7493,"minecraft:total_world_time":7493,"minecraft:interact_with_crafting_table":4,"minecraft:fall_one_cm":4449,"minecraft:fly_one_cm":25589}},"DataVersion":3953}