{"stats":{"minecraft:mined":{"minecraft:nether_gold_ore":19,"minecraft:white_bed":17,"minecraft:ladder":2,"minecraft:granite":100,"minecraft:grass_block":76,"minecraft:crimson_roots":1,"minecraft:redstone_wire":1,"minecraft:spruce_leaves":3,"minecraft:cartography_table":1,"minecraft:oxeye_daisy":1,"minecraft:hay_block":8,"minecraft:magma_block":5,"minecraft:redstone_ore":3,"minecraft:furnace":1,"minecraft:iron_ore":37,"minecraft:fire":22,"minecraft:andesite":59,"minecraft:pumpkin":3,"minecraft:azure_bluet":3,"minecraft:gold_block":2,"minecraft:dirt_path":15,"minecraft:rail":4,"minecraft:stone":402,"minecraft:podzol":1,"minecraft:blackstone":10,"minecraft:crimson_nylium":2,"minecraft:basalt":42,"minecraft:dandelion":4,"minecraft:crafting_table":5,"minecraft:cornflower":2,"minecraft:torch":1,"minecraft:short_grass":96,"minecraft:poppy":2,"minecraft:warped_roots":4,"minecraft:nether_quartz_ore":15,"minecraft:tall_grass":15,"minecraft:copper_ore":1,"minecraft:cobblestone":4,"minecraft:lapis_ore":2,"minecraft:sugar_cane":13,"minecraft:oak_planks":106,"minecraft:diorite":23,"minecraft:wall_torch":3,"minecraft:warped_nylium":4,"minecraft:powered_rail":6,"minecraft:birch_leaves":3,"minecraft:yellow_bed":3,"minecraft:oak_log":188,"minecraft:coal_ore":39,"minecraft:gravel":1,"minecraft:sand":6,"minecraft:dirt":93,"minecraft:stonecutter":1,"minecraft:stone_bricks":1,"minecraft:netherrack":820,"minecraft:gold_ore":10,"minecraft:oak_leaves":26,"minecraft:deepslate":11},"minecraft:custom":{"minecraft:mob_kills":75,"minecraft:interact_with_crafting_table":71,"minecraft:open_barrel":2,"minecraft:bell_ring":98,"minecraft:leave_game":8,"minecraft:time_since_death":124177,"minecraft:climb_one_cm":6359,"minecraft:sprint_one_cm":1235764,"minecraft:walk_one_cm":724217,"minecraft:drop":25,"minecraft:talked_to_villager":38,"minecraft:play_time":408793,"minecraft:deaths":11,"minecraft:sneak_time":9506,"minecraft:walk_under_water_one_cm":8446,"minecraft:boat_one_cm":76237,"minecraft:interact_with_brewingstand":2,"minecraft:jump":7004,"minecraft:interact_with_blast_furnace":1,"minecraft:walk_on_water_one_cm":20513,"minecraft:total_world_time":408793,"minecraft:interact_with_furnace":67,"minecraft:interact_with_cartography_table":1,"minecraft:sleep_in_bed":22,"minecraft:time_since_rest":13292,"minecraft:damage_taken":4846,"minecraft:damage_dealt":18250,"minecraft:swim_one_cm":13004,"minecraft:fly_one_cm":1228159,"minecraft:open_chest":83,"minecraft:crouch_one_cm":28012,"minecraft:fall_one_cm":192246,"minecraft:inspect_dispenser":4},"minecraft:broken":{"minecraft:wooden_pickaxe":1,"minecraft:stone_pickaxe":3,"minecraft:golden_sword":1,"minecraft:iron_axe":1,"minecraft:stone_axe":2,"minecraft:iron_pickaxe":4,"minecraft:golden_pickaxe":1},"minecraft:killed":{"minecraft:spider":1,"minecraft:skeleton":1,"minecraft:chicken":1,"minecraft:pig":18,"minecraft:iron_golem":11,"minecraft:hoglin":2,"minecraft:sheep":24,"minecraft:zombie":3,"minecraft:cow":9,"minecraft:enderman":4},"minecraft:killed_by":{"minecraft:enderman":1,"minecraft:iron_golem":2,"minecraft:zombie":1},"minecraft:crafted":{"minecraft:oak_planks":704,"minecraft:furnace":1,"minecraft:stone_button":1,"minecraft:stone":1,"minecraft:cooked_mutton":5,"minecraft:oak_trapdoor":4,"minecraft:glass":2,"minecraft:bow":1,"minecraft:iron_axe":3,"minecraft:ladder":3,"minecraft:stone_pickaxe":3,"minecraft:chest":3,"minecraft:rail":16,"minecraft:stone_hoe":1,"minecraft:cooked_beef":4,"minecraft:minecart":1,"minecraft:oak_slab":18,"minecraft:cooked_porkchop":31,"minecraft:crafting_table":6,"minecraft:iron_helmet":1,"minecraft:baked_potato":7,"minecraft:wooden_pickaxe":1,"minecraft:powered_rail":6,"minecraft:golden_pickaxe":1,"minecraft:bucket":2,"minecraft:stone_axe":4,"minecraft:air":0,"minecraft:dispenser":1,"minecraft:oak_boat":2,"minecraft:white_wool":16,"minecraft:shield":1,"minecraft:stick":68,"minecraft:iron_ingot":36,"minecraft:iron_pickaxe":7,"minecraft:iron_leggings":1,"minecraft:gold_ingot":35,"minecraft:white_bed":1,"minecraft:redstone_torch":1,"minecraft:composter":2,"minecraft:torch":12},"minecraft:used":{"minecraft:oak_trapdoor":3,"minecraft:flint_and_steel":2,"minecraft:redstone":1,"minecraft:dispenser":1,"minecraft:ladder":5,"minecraft:poppy":4,"minecraft:chest":2,"minecraft:stone_hoe":55,"minecraft:netherrack":685,"minecraft:torch":12,"minecraft:dirt":122,"minecraft:carrot":40,"minecraft:granite":55,"minecraft:azure_bluet":2,"minecraft:glass":2,"minecraft:lava_bucket":18,"minecraft:iron_axe":330,"minecraft:golden_sword":29,"minecraft:magma_block":3,"minecraft:oak_sapling":3,"minecraft:furnace":2,"minecraft:egg":2,"minecraft:cooked_beef":2,"minecraft:potato":3,"minecraft:cobbled_deepslate":1,"minecraft:golden_boots":1,"minecraft:cooked_mutton":7,"minecraft:water_bucket":11,"minecraft:baked_potato":20,"minecraft:oak_planks":497,"minecraft:stone_pickaxe":341,"minecraft:powered_rail":8,"minecraft:blackstone":19,"minecraft:wooden_pickaxe":49,"minecraft:sugar_cane":2,"minecraft:composter":2,"minecraft:stonecutter":1,"minecraft:sand":2,"minecraft:rail":8,"minecraft:crafting_table":10,"minecraft:white_bed":17,"minecraft:campfire":1,"minecraft:redstone_torch":1,"minecraft:oak_log":9,"minecraft:cornflower":1,"minecraft:oxeye_daisy":1,"minecraft:crying_obsidian":1,"minecraft:chicken":1,"minecraft:bread":10,"minecraft:stone_button":1,"minecraft:iron_pickaxe":1362,"minecraft:gravel":13,"minecraft:stone_axe":333,"minecraft:cobblestone":51,"minecraft:porkchop":1,"minecraft:cooked_porkchop":21,"minecraft:dandelion":4,"minecraft:bucket":29,"minecraft:oak_boat":10,"minecraft:yellow_bed":3,"minecraft:golden_pickaxe":32},"minecraft:picked_up":{"minecraft:crafting_table":8,"minecraft:azure_bluet":5,"minecraft:chicken":1,"minecraft:ladder":2,"minecraft:brown_mushroom":1,"minecraft:wooden_pickaxe":3,"minecraft:gold_block":2,"minecraft:enchanted_book":3,"minecraft:shield":3,"minecraft:cornflower":4,"minecraft:string":76,"minecraft:raw_copper":3,"minecraft:iron_axe":3,"minecraft:blackstone":36,"minecraft:cartography_table":1,"minecraft:gold_nugget":83,"minecraft:cobbled_deepslate":11,"minecraft:beef":43,"minecraft:oak_boat":14,"minecraft:light_gray_wool":1,"minecraft:poppy":14,"minecraft:iron_pickaxe":3,"minecraft:sugar_cane":35,"minecraft:furnace":6,"minecraft:egg":2,"minecraft:stick":7,"minecraft:raw_iron":57,"minecraft:torch":11,"minecraft:porkchop":65,"minecraft:diorite":49,"minecraft:carrot":40,"minecraft:redstone":16,"minecraft:arrow":8,"minecraft:hay_block":8,"minecraft:gold_ingot":10,"minecraft:obsidian":3,"minecraft:mutton":44,"minecraft:rail":6,"minecraft:white_wool":21,"minecraft:cobblestone":492,"minecraft:oxeye_daisy":4,"minecraft:magma_block":3,"minecraft:basalt":38,"minecraft:andesite":58,"minecraft:brown_wool":1,"minecraft:leather":21,"minecraft:oak_log":242,"minecraft:golden_boots":4,"minecraft:yellow_bed":3,"minecraft:lapis_lazuli":17,"minecraft:dirt":212,"minecraft:cooked_mutton":2,"minecraft:bone":6,"minecraft:apple":7,"minecraft:stonecutter":1,"minecraft:wheat_seeds":27,"minecraft:raw_gold":10,"minecraft:stone_pickaxe":4,"minecraft:iron_ingot":56,"minecraft:powered_rail":6,"minecraft:oak_planks":290,"minecraft:soul_sand":11,"minecraft:warped_fungus":1,"minecraft:cooked_porkchop":14,"minecraft:pumpkin":12,"minecraft:quartz":42,"minecraft:dandelion":7,"minecraft:gravel":39,"minecraft:sand":10,"minecraft:white_bed":19,"minecraft:crying_obsidian":2,"minecraft:spectral_arrow":18,"minecraft:stone_axe":3,"minecraft:campfire":12,"minecraft:granite":97,"minecraft:emerald":8,"minecraft:gray_wool":3,"minecraft:bread":16,"minecraft:warped_roots":10,"minecraft:baked_potato":13,"minecraft:oak_sapling":8,"minecraft:netherrack":1319,"minecraft:black_wool":3,"minecraft:coal":109,"minecraft:crimson_roots":1,"minecraft:ender_pearl":2},"minecraft:dropped":{"minecraft:wheat_seeds":17,"minecraft:oxeye_daisy":1,"minecraft:diorite":12,"minecraft:iron_pickaxe":1,"minecraft:dandelion":1,"minecraft:gold_ingot":20,"minecraft:poppy":3,"minecraft:oak_sapling":3}},"DataVersion":3953}