{"stats":{"minecraft:crafted":{"minecraft:oak_planks":460,"minecraft:furnace":1,"minecraft:cooked_mutton":4,"minecraft:iron_axe":1,"minecraft:stone_pickaxe":3,"minecraft:chest":3,"minecraft:cooked_porkchop":30,"minecraft:crafting_table":4,"minecraft:wooden_pickaxe":1,"minecraft:baked_potato":7,"minecraft:bucket":2,"minecraft:stone_axe":4,"minecraft:air":0,"minecraft:oak_boat":1,"minecraft:shield":1,"minecraft:stick":28,"minecraft:iron_ingot":4,"minecraft:iron_pickaxe":2,"minecraft:gold_ingot":24,"minecraft:white_bed":1,"minecraft:torch":8},"minecraft:killed":{"minecraft:spider":1,"minecraft:skeleton":1,"minecraft:chicken":1,"minecraft:pig":16,"minecraft:iron_golem":5,"minecraft:hoglin":2,"minecraft:sheep":11,"minecraft:zombie":3,"minecraft:enderman":1,"minecraft:cow":7},"minecraft:dropped":{"minecraft:wheat_seeds":7,"minecraft:oxeye_daisy":1,"minecraft:diorite":12,"minecraft:dandelion":1,"minecraft:gold_ingot":20,"minecraft:poppy":3,"minecraft:oak_sapling":3},"minecraft:killed_by":{"minecraft:iron_golem":2,"minecraft:zombie":1},"minecraft:mined":{"minecraft:nether_gold_ore":18,"minecraft:white_bed":14,"minecraft:granite":57,"minecraft:grass_block":44,"minecraft:crimson_roots":1,"minecraft:spruce_leaves":3,"minecraft:oxeye_daisy":1,"minecraft:hay_block":8,"minecraft:magma_block":5,"minecraft:furnace":1,"minecraft:iron_ore":4,"minecraft:fire":4,"minecraft:pumpkin":3,"minecraft:azure_bluet":2,"minecraft:gold_block":2,"minecraft:dirt_path":15,"minecraft:stone":144,"minecraft:podzol":1,"minecraft:blackstone":6,"minecraft:crimson_nylium":2,"minecraft:dandelion":1,"minecraft:cornflower":1,"minecraft:crafting_table":5,"minecraft:torch":1,"minecraft:short_grass":65,"minecraft:poppy":1,"minecraft:warped_roots":2,"minecraft:cobblestone":3,"minecraft:nether_quartz_ore":11,"minecraft:tall_grass":13,"minecraft:oak_planks":80,"minecraft:sugar_cane":11,"minecraft:diorite":13,"minecraft:wall_torch":3,"minecraft:warped_nylium":4,"minecraft:birch_leaves":3,"minecraft:yellow_bed":3,"minecraft:coal_ore":15,"minecraft:oak_log":147,"minecraft:gravel":1,"minecraft:sand":4,"minecraft:dirt":54,"minecraft:stonecutter":1,"minecraft:stone_bricks":1,"minecraft:netherrack":463,"minecraft:oak_leaves":22},"minecraft:custom":{"minecraft:mob_kills":49,"minecraft:interact_with_crafting_table":28,"minecraft:bell_ring":95,"minecraft:leave_game":2,"minecraft:time_since_death":38146,"minecraft:climb_one_cm":1394,"minecraft:sprint_one_cm":800033,"minecraft:walk_one_cm":415145,"minecraft:drop":23,"minecraft:talked_to_villager":31,"minecraft:play_time":223962,"minecraft:deaths":8,"minecraft:sneak_time":2975,"minecraft:walk_under_water_one_cm":7053,"minecraft:boat_one_cm":74974,"minecraft:jump":4728,"minecraft:interact_with_brewingstand":2,"minecraft:interact_with_blast_furnace":1,"minecraft:walk_on_water_one_cm":17794,"minecraft:total_world_time":223962,"minecraft:interact_with_furnace":27,"minecraft:interact_with_cartography_table":1,"minecraft:sleep_in_bed":13,"minecraft:time_since_rest":18108,"minecraft:damage_taken":3282,"minecraft:damage_dealt":9860,"minecraft:swim_one_cm":4619,"minecraft:fly_one_cm":838182,"minecraft:open_chest":42,"minecraft:crouch_one_cm":5858,"minecraft:fall_one_cm":134505},"minecraft:used":{"minecraft:flint_and_steel":2,"minecraft:chest":2,"minecraft:netherrack":28,"minecraft:torch":12,"minecraft:dirt":95,"minecraft:granite":55,"minecraft:azure_bluet":2,"minecraft:lava_bucket":18,"minecraft:iron_axe":145,"minecraft:magma_block":3,"minecraft:furnace":2,"minecraft:oak_sapling":3,"minecraft:egg":2,"minecraft:potato":3,"minecraft:cooked_mutton":6,"minecraft:water_bucket":7,"minecraft:stone_pickaxe":341,"minecraft:baked_potato":7,"minecraft:oak_planks":308,"minecraft:blackstone":18,"minecraft:wooden_pickaxe":49,"minecraft:stonecutter":1,"minecraft:sugar_cane":2,"minecraft:sand":2,"minecraft:crafting_table":8,"minecraft:white_bed":14,"minecraft:oak_log":9,"minecraft:oxeye_daisy":1,"minecraft:chicken":1,"minecraft:bread":8,"minecraft:iron_pickaxe":481,"minecraft:gravel":13,"minecraft:stone_axe":333,"minecraft:cobblestone":12,"minecraft:cooked_porkchop":15,"minecraft:porkchop":1,"minecraft:bucket":25,"minecraft:yellow_bed":3,"minecraft:oak_boat":6,"minecraft:dandelion":1},"minecraft:picked_up":{"minecraft:crafting_table":8,"minecraft:azure_bluet":5,"minecraft:chicken":1,"minecraft:wooden_pickaxe":3,"minecraft:gold_block":2,"minecraft:enchanted_book":3,"minecraft:shield":2,"minecraft:cornflower":3,"minecraft:string":2,"minecraft:iron_axe":2,"minecraft:blackstone":31,"minecraft:gold_nugget":71,"minecraft:beef":26,"minecraft:oak_boat":10,"minecraft:poppy":7,"minecraft:iron_pickaxe":2,"minecraft:sugar_cane":31,"minecraft:furnace":6,"minecraft:egg":2,"minecraft:stick":5,"minecraft:raw_iron":24,"minecraft:torch":11,"minecraft:porkchop":57,"minecraft:diorite":49,"minecraft:arrow":4,"minecraft:hay_block":8,"minecraft:gold_ingot":10,"minecraft:mutton":22,"minecraft:obsidian":3,"minecraft:white_wool":9,"minecraft:cobblestone":260,"minecraft:oxeye_daisy":4,"minecraft:magma_block":3,"minecraft:leather":13,"minecraft:brown_wool":1,"minecraft:oak_log":201,"minecraft:golden_boots":2,"minecraft:yellow_bed":3,"minecraft:dirt":143,"minecraft:cooked_mutton":2,"minecraft:bone":3,"minecraft:apple":7,"minecraft:stonecutter":1,"minecraft:wheat_seeds":23,"minecraft:iron_ingot":30,"minecraft:stone_pickaxe":4,"minecraft:oak_planks":222,"minecraft:soul_sand":7,"minecraft:cooked_porkchop":1,"minecraft:pumpkin":12,"minecraft:quartz":19,"minecraft:dandelion":4,"minecraft:gravel":26,"minecraft:sand":8,"minecraft:white_bed":16,"minecraft:spectral_arrow":9,"minecraft:crying_obsidian":1,"minecraft:stone_axe":3,"minecraft:granite":55,"minecraft:warped_roots":3,"minecraft:gray_wool":2,"minecraft:bread":16,"minecraft:emerald":8,"minecraft:black_wool":2,"minecraft:oak_sapling":8,"minecraft:netherrack":465,"minecraft:coal":85,"minecraft:crimson_roots":1},"minecraft:broken":{"minecraft:wooden_pickaxe":1,"minecraft:stone_pickaxe":3,"minecraft:stone_axe":2,"minecraft:iron_pickaxe":2}},"DataVersion":3953}