{"stats":{"minecraft:crafted":{"minecraft:oak_planks":124,"minecraft:cooked_porkchop":4,"minecraft:crafting_table":3,"minecraft:wooden_pickaxe":1,"minecraft:furnace":1,"minecraft:bucket":2,"minecraft:stone_axe":4,"minecraft:cooked_mutton":4,"minecraft:air":0,"minecraft:oak_boat":1,"minecraft:stick":20,"minecraft:stone_pickaxe":3,"minecraft:chest":1,"minecraft:white_bed":1,"minecraft:torch":8},"minecraft:killed":{"minecraft:pig":6,"minecraft:iron_golem":3,"minecraft:sheep":8,"minecraft:zombie":2,"minecraft:chicken":1},"minecraft:dropped":{"minecraft:wheat_seeds":6,"minecraft:oxeye_daisy":1,"minecraft:poppy":3,"minecraft:diorite":12,"minecraft:oak_sapling":3,"minecraft:dandelion":1},"minecraft:killed_by":{"minecraft:iron_golem":1},"minecraft:mined":{"minecraft:podzol":1,"minecraft:white_bed":14,"minecraft:dandelion":1,"minecraft:crafting_table":4,"minecraft:cornflower":1,"minecraft:torch":1,"minecraft:granite":54,"minecraft:short_grass":36,"minecraft:grass_block":44,"minecraft:poppy":1,"minecraft:tall_grass":11,"minecraft:cobblestone":1,"minecraft:spruce_leaves":3,"minecraft:sugar_cane":1,"minecraft:oak_planks":33,"minecraft:oxeye_daisy":1,"minecraft:diorite":13,"minecraft:wall_torch":3,"minecraft:hay_block":8,"minecraft:magma_block":2,"minecraft:furnace":1,"minecraft:iron_ore":4,"minecraft:birch_leaves":3,"minecraft:pumpkin":3,"minecraft:yellow_bed":3,"minecraft:azure_bluet":1,"minecraft:oak_log":140,"minecraft:coal_ore":15,"minecraft:dirt_path":15,"minecraft:sand":4,"minecraft:dirt":54,"minecraft:stone":144,"minecraft:stone_bricks":1,"minecraft:netherrack":5,"minecraft:oak_leaves":22},"minecraft:custom":{"minecraft:interact_with_furnace":8,"minecraft:mob_kills":21,"minecraft:interact_with_crafting_table":12,"minecraft:interact_with_cartography_table":1,"minecraft:bell_ring":95,"minecraft:leave_game":2,"minecraft:time_since_death":36998,"minecraft:sleep_in_bed":9,"minecraft:climb_one_cm":1394,"minecraft:time_since_rest":16655,"minecraft:sprint_one_cm":486276,"minecraft:damage_taken":2037,"minecraft:walk_one_cm":241769,"minecraft:drop":6,"minecraft:damage_dealt":4435,"minecraft:swim_one_cm":2972,"minecraft:talked_to_villager":30,"minecraft:fly_one_cm":491672,"minecraft:open_chest":14,"minecraft:crouch_one_cm":923,"minecraft:play_time":145962,"minecraft:deaths":6,"minecraft:sneak_time":612,"minecraft:walk_under_water_one_cm":5684,"minecraft:boat_one_cm":74821,"minecraft:interact_with_brewingstand":2,"minecraft:jump":2938,"minecraft:interact_with_blast_furnace":1,"minecraft:walk_on_water_one_cm":12743,"minecraft:total_world_time":145962,"minecraft:fall_one_cm":92163},"minecraft:used":{"minecraft:cooked_mutton":5,"minecraft:water_bucket":2,"minecraft:stone_pickaxe":290,"minecraft:oak_planks":95,"minecraft:chest":1,"minecraft:wooden_pickaxe":49,"minecraft:sugar_cane":2,"minecraft:torch":10,"minecraft:sand":2,"minecraft:dirt":95,"minecraft:crafting_table":6,"minecraft:white_bed":14,"minecraft:granite":32,"minecraft:oak_log":2,"minecraft:lava_bucket":16,"minecraft:chicken":1,"minecraft:bread":8,"minecraft:stone_axe":257,"minecraft:cobblestone":12,"minecraft:oak_sapling":3,"minecraft:porkchop":1,"minecraft:furnace":2,"minecraft:cooked_porkchop":4,"minecraft:oak_boat":4,"minecraft:bucket":18,"minecraft:egg":1,"minecraft:yellow_bed":3,"minecraft:potato":3},"minecraft:picked_up":{"minecraft:crafting_table":7,"minecraft:azure_bluet":2,"minecraft:chicken":1,"minecraft:brown_wool":1,"minecraft:wooden_pickaxe":3,"minecraft:oak_log":137,"minecraft:yellow_bed":3,"minecraft:cornflower":3,"minecraft:dirt":143,"minecraft:cooked_mutton":2,"minecraft:apple":7,"minecraft:wheat_seeds":21,"minecraft:stone_pickaxe":4,"minecraft:iron_ingot":23,"minecraft:oak_boat":8,"minecraft:poppy":7,"minecraft:sugar_cane":12,"minecraft:oak_planks":117,"minecraft:egg":1,"minecraft:furnace":6,"minecraft:stick":5,"minecraft:raw_iron":24,"minecraft:pumpkin":12,"minecraft:torch":11,"minecraft:dandelion":4,"minecraft:porkchop":11,"minecraft:sand":8,"minecraft:diorite":49,"minecraft:white_bed":16,"minecraft:stone_axe":3,"minecraft:hay_block":8,"minecraft:granite":53,"minecraft:emerald":8,"minecraft:bread":16,"minecraft:oak_sapling":8,"minecraft:netherrack":3,"minecraft:mutton":14,"minecraft:coal":85,"minecraft:white_wool":7,"minecraft:cobblestone":256,"minecraft:oxeye_daisy":4},"minecraft:broken":{"minecraft:stone_pickaxe":2,"minecraft:stone_axe":2,"minecraft:wooden_pickaxe":1}},"DataVersion":3953}