{"stats":{"minecraft:dropped":{"minecraft:baked_potato":13,"minecraft:cobblestone_stairs":1,"minecraft:emerald":65,"minecraft:dirt":7,"minecraft:oak_door":1,"minecraft:gravel":13,"minecraft:stone_axe":13,"minecraft:sugar_cane":6,"minecraft:birch_sapling":1,"minecraft:rotten_flesh":2,"minecraft:oak_planks":2,"minecraft:carrot":350,"minecraft:poppy":16,"minecraft:chainmail_boots":14,"minecraft:campfire":12,"minecraft:netherrack":1,"minecraft:iron_ingot":5,"minecraft:golden_boots":1,"minecraft:wheat_seeds":1,"minecraft:mossy_cobblestone":2,"minecraft:oak_fence":4,"minecraft:iron_helmet":2,"minecraft:granite":2,"minecraft:stick":1,"minecraft:gray_wool":3,"minecraft:nether_wart_block":1,"minecraft:iron_axe":6,"minecraft:string":5433,"minecraft:dandelion":10,"minecraft:stone_shovel":1,"minecraft:shield":2,"minecraft:andesite":14,"minecraft:golden_leggings":1,"minecraft:oak_sapling":3},"minecraft:custom":{"minecraft:animals_bred":1,"minecraft:interact_with_crafting_table":76,"minecraft:open_barrel":32,"minecraft:bell_ring":31,"minecraft:leave_game":5,"minecraft:time_since_death":361492,"minecraft:sprint_one_cm":1034164,"minecraft:damage_blocked_by_shield":268,"minecraft:drop":228,"minecraft:talked_to_villager":289,"minecraft:play_time":380204,"minecraft:deaths":4,"minecraft:jump":5846,"minecraft:interact_with_brewingstand":1,"minecraft:walk_on_water_one_cm":32272,"minecraft:interact_with_furnace":94,"minecraft:traded_with_villager":984,"minecraft:sleep_in_bed":28,"minecraft:damage_dealt":13637,"minecraft:crouch_one_cm":103608,"minecraft:inspect_dispenser":9,"minecraft:interact_with_smithing_table":2,"minecraft:mob_kills":64,"minecraft:inspect_hopper":27,"minecraft:climb_one_cm":7449,"minecraft:walk_one_cm":631145,"minecraft:sneak_time":41698,"minecraft:walk_under_water_one_cm":5217,"minecraft:total_world_time":380204,"minecraft:time_since_rest":11633,"minecraft:damage_taken":2426,"minecraft:swim_one_cm":6104,"minecraft:fly_one_cm":1025885,"minecraft:open_chest":340,"minecraft:fall_one_cm":179991},"minecraft:killed_by":{"minecraft:zombie":2,"minecraft:wolf":1,"minecraft:skeleton":1},"minecraft:used":{"minecraft:dispenser":1,"minecraft:poppy":5,"minecraft:ladder":3,"minecraft:chest":19,"minecraft:shield":7,"minecraft:bell":1,"minecraft:rotten_flesh":13,"minecraft:carrot":275,"minecraft:obsidian":2,"minecraft:glass":2,"minecraft:lava_bucket":8,"minecraft:iron_helmet":1,"minecraft:furnace":4,"minecraft:egg":1,"minecraft:powered_rail":8,"minecraft:stone_pickaxe":394,"minecraft:oak_planks":114,"minecraft:wooden_pickaxe":19,"minecraft:composter":8,"minecraft:sugar_cane":12,"minecraft:blast_furnace":1,"minecraft:shears":1,"minecraft:redstone_torch":6,"minecraft:lever":1,"minecraft:bread":2,"minecraft:string":2,"minecraft:stone_button":1,"minecraft:lectern":14,"minecraft:fire_charge":1,"minecraft:grindstone":3,"minecraft:smithing_table":5,"minecraft:bone_meal":6,"minecraft:oak_trapdoor":12,"minecraft:stone_sword":138,"minecraft:stone_shovel":489,"minecraft:stone_hoe":55,"minecraft:netherrack":111,"minecraft:torch":7,"minecraft:brewing_stand":3,"minecraft:dirt":240,"minecraft:white_carpet":29,"minecraft:hopper":6,"minecraft:iron_axe":65,"minecraft:crimson_planks":41,"minecraft:barrel":6,"minecraft:tripwire_hook":4,"minecraft:cooked_beef":5,"minecraft:golden_axe":11,"minecraft:crimson_stem":2,"minecraft:wheat_seeds":4,"minecraft:cooked_mutton":34,"minecraft:water_bucket":12,"minecraft:rail":80,"minecraft:oak_slab":19,"minecraft:crafting_table":10,"minecraft:crimson_trapdoor":2,"minecraft:white_bed":14,"minecraft:oak_log":1,"minecraft:iron_pickaxe":240,"minecraft:suspicious_stew":14,"minecraft:stone_axe":365,"minecraft:chiseled_stone_bricks":1,"minecraft:cobblestone":4,"minecraft:cooked_porkchop":2,"minecraft:bucket":20,"minecraft:yellow_bed":14,"minecraft:pumpkin_pie":1},"minecraft:crafted":{"minecraft:grindstone":1,"minecraft:oak_planks":432,"minecraft:smooth_stone":7,"minecraft:barrel":2,"minecraft:stone":14,"minecraft:lever":1,"minecraft:cooked_mutton":36,"minecraft:suspicious_stew":16,"minecraft:hopper":4,"minecraft:glass":49,"minecraft:diamond_helmet":1,"minecraft:bow":1,"minecraft:diamond_leggings":1,"minecraft:chest":11,"minecraft:rail":32,"minecraft:stone_hoe":1,"minecraft:golden_boots":1,"minecraft:glass_bottle":33,"minecraft:oak_slab":24,"minecraft:emerald":706,"minecraft:cooked_porkchop":2,"minecraft:crafting_table":4,"minecraft:iron_helmet":11,"minecraft:wooden_pickaxe":1,"minecraft:baked_potato":25,"minecraft:smithing_table":1,"minecraft:campfire":12,"minecraft:dispenser":1,"minecraft:apple":48,"minecraft:shield":16,"minecraft:stick":44,"minecraft:stone_slab":6,"minecraft:iron_ingot":56,"minecraft:iron_pickaxe":1,"minecraft:stone_sword":1,"minecraft:gold_ingot":14,"minecraft:redstone_torch":3,"minecraft:shears":1,"minecraft:golden_carrot":174,"minecraft:cookie":288,"minecraft:redstone":40,"minecraft:stone_shovel":4,"minecraft:tripwire_hook":2,"minecraft:crimson_trapdoor":2,"minecraft:furnace":2,"minecraft:stone_button":1,"minecraft:blast_furnace":1,"minecraft:bone_meal":6,"minecraft:white_carpet":234,"minecraft:oak_trapdoor":10,"minecraft:iron_axe":10,"minecraft:ladder":3,"minecraft:stone_pickaxe":3,"minecraft:diamond_boots":1,"minecraft:minecart":1,"minecraft:cooked_beef":5,"minecraft:crimson_planks":36,"minecraft:powered_rail":6,"minecraft:bucket":2,"minecraft:stone_axe":15,"minecraft:glowstone":24,"minecraft:bread":120,"minecraft:air":0,"minecraft:oak_boat":36,"minecraft:white_wool":144,"minecraft:chainmail_boots":12,"minecraft:white_bed":1,"minecraft:pumpkin_pie":48,"minecraft:torch":4,"minecraft:lapis_lazuli":24,"minecraft:diamond_chestplate":1},"minecraft:broken":{"minecraft:stone_pickaxe":3,"minecraft:stone_axe":2,"minecraft:stone_shovel":3,"minecraft:stone_sword":1},"minecraft:killed":{"minecraft:witch":1,"minecraft:spider":2,"minecraft:skeleton":5,"minecraft:wolf":1,"minecraft:piglin":2,"minecraft:pig":2,"minecraft:zombie_villager":1,"minecraft:iron_golem":7,"minecraft:sheep":20,"minecraft:donkey":1,"minecraft:zombie":12,"minecraft:cow":2,"minecraft:villager":3},"minecraft:picked_up":{"minecraft:wheat":28,"minecraft:chainmail_boots":2,"minecraft:suspicious_stew":2,"minecraft:smithing_table":4,"minecraft:oak_stairs":88,"minecraft:crimson_planks":13,"minecraft:brewing_stand":3,"minecraft:string":15405,"minecraft:beetroot":6,"minecraft:gold_nugget":152,"minecraft:redstone_torch":3,"minecraft:furnace":3,"minecraft:stick":19,"minecraft:composter":8,"minecraft:oak_fence":4,"minecraft:torch":23,"minecraft:porkchop":2,"minecraft:golden_axe":1,"minecraft:pointed_dripstone":221,"minecraft:stone_sword":3,"minecraft:rotten_flesh":31,"minecraft:cobblestone":222,"minecraft:birch_log":5,"minecraft:andesite":14,"minecraft:potato":25,"minecraft:flint":2,"minecraft:dirt":802,"minecraft:glass":47,"minecraft:bone":30,"minecraft:bow":5,"minecraft:wheat_seeds":93,"minecraft:raw_gold":1,"minecraft:bell":3,"minecraft:grindstone":2,"minecraft:powered_rail":4,"minecraft:oak_planks":78,"minecraft:sand":49,"minecraft:barrel":5,"minecraft:mossy_cobblestone":2,"minecraft:sugar":6,"minecraft:granite":2,"minecraft:bread":60,"minecraft:emerald":222,"minecraft:oak_sapling":7,"minecraft:netherrack":115,"minecraft:crafting_table":6,"minecraft:ladder":2,"minecraft:shield":2,"minecraft:oak_trapdoor":10,"minecraft:white_carpet":16,"minecraft:beef":5,"minecraft:iron_nugget":12,"minecraft:poppy":21,"minecraft:lectern":16,"minecraft:minecart":8,"minecraft:sugar_cane":40,"minecraft:chest":12,"minecraft:birch_sapling":1,"minecraft:egg":1,"minecraft:raw_iron":72,"minecraft:oak_door":1,"minecraft:bowl":14,"minecraft:cookie":288,"minecraft:carrot":625,"minecraft:redstone":10,"minecraft:arrow":37,"minecraft:stone_shovel":3,"minecraft:beetroot_seeds":18,"minecraft:shears":1,"minecraft:hay_block":14,"minecraft:gold_ingot":4,"minecraft:mutton":36,"minecraft:white_wool":42,"minecraft:rail":55,"minecraft:stripped_oak_log":16,"minecraft:golden_carrot":174,"minecraft:crimson_stem":11,"minecraft:tripwire_hook":2,"minecraft:leather":2,"minecraft:oak_log":147,"minecraft:nether_wart_block":1,"minecraft:yellow_bed":15,"minecraft:cobblestone_stairs":1,"minecraft:apple":55,"minecraft:iron_ingot":44,"minecraft:stone_pickaxe":3,"minecraft:stripped_oak_wood":1,"minecraft:book":24,"minecraft:oak_slab":17,"minecraft:pumpkin":4,"minecraft:chiseled_stone_bricks":1,"minecraft:quartz":36,"minecraft:dandelion":19,"minecraft:dripstone_block":56,"minecraft:gravel":39,"minecraft:white_bed":21,"minecraft:stone_axe":3,"minecraft:iron_helmet":1,"minecraft:gray_wool":3,"minecraft:coal":83,"minecraft:hopper":2},"minecraft:mined":{"minecraft:white_bed":17,"minecraft:cobblestone_stairs":1,"minecraft:brewing_stand":3,"minecraft:granite":2,"minecraft:grass_block":141,"minecraft:composter":8,"minecraft:hopper":2,"minecraft:chiseled_stone_bricks":1,"minecraft:iron_ore":72,"minecraft:fire":3,"minecraft:barrel":4,"minecraft:pumpkin":4,"minecraft:pointed_dripstone":30,"minecraft:dirt_path":102,"minecraft:oak_stairs":44,"minecraft:crimson_nylium":1,"minecraft:poppy":9,"minecraft:chest":12,"minecraft:nether_quartz_ore":18,"minecraft:cobblestone":17,"minecraft:grindstone":2,"minecraft:sugar_cane":25,"minecraft:oak_planks":69,"minecraft:wall_torch":3,"minecraft:powered_rail":4,"minecraft:nether_wart_block":1,"minecraft:birch_log":5,"minecraft:wheat":24,"minecraft:stripped_oak_wood":1,"minecraft:oak_log":107,"minecraft:beetroots":3,"minecraft:sand":49,"minecraft:dirt":224,"minecraft:crimson_planks":13,"minecraft:tripwire_hook":2,"minecraft:netherrack":115,"minecraft:oak_leaves":8,"minecraft:nether_gold_ore":34,"minecraft:mossy_cobblestone":2,"minecraft:oak_door":1,"minecraft:ladder":1,"minecraft:crimson_roots":1,"minecraft:crimson_stem":11,"minecraft:hay_block":7,"minecraft:oak_trapdoor":6,"minecraft:furnace":3,"minecraft:carrots":188,"minecraft:andesite":16,"minecraft:bell":1,"minecraft:bookshelf":4,"minecraft:potatoes":9,"minecraft:rail":54,"minecraft:stripped_oak_log":16,"minecraft:stone":197,"minecraft:redstone_wall_torch":1,"minecraft:smithing_table":4,"minecraft:oak_slab":7,"minecraft:glass_pane":1,"minecraft:dandelion":4,"minecraft:oak_fence":4,"minecraft:crafting_table":6,"minecraft:short_grass":23,"minecraft:emerald_ore":3,"minecraft:lectern":15,"minecraft:tall_grass":11,"minecraft:redstone_torch":2,"minecraft:white_carpet":12,"minecraft:yellow_bed":15,"minecraft:coal_ore":31,"minecraft:gravel":13,"minecraft:dripstone_block":22,"minecraft:gold_ore":1}},"DataVersion":3953}