{"stats":{"minecraft:dropped":{"minecraft:rotten_flesh":2,"minecraft:gray_wool":1,"minecraft:dandelion":10},"minecraft:mined":{"minecraft:white_bed":1,"minecraft:dandelion":4,"minecraft:crafting_table":4,"minecraft:short_grass":5,"minecraft:emerald_ore":1,"minecraft:grass_block":21,"minecraft:tall_grass":2,"minecraft:wall_torch":2,"minecraft:furnace":2,"minecraft:iron_ore":34,"minecraft:pointed_dripstone":30,"minecraft:oak_log":25,"minecraft:coal_ore":31,"minecraft:gravel":13,"minecraft:dripstone_block":21,"minecraft:dirt":11,"minecraft:stone":38,"minecraft:oak_leaves":5},"minecraft:killed":{"minecraft:wolf":1,"minecraft:witch":1,"minecraft:zombie_villager":1,"minecraft:spider":2,"minecraft:sheep":7,"minecraft:skeleton":5,"minecraft:donkey":1,"minecraft:zombie":9},"minecraft:broken":{"minecraft:stone_pickaxe":1},"minecraft:crafted":{"minecraft:oak_planks":24,"minecraft:stone_shovel":1,"minecraft:crafting_table":1,"minecraft:wooden_pickaxe":1,"minecraft:furnace":1,"minecraft:stone_axe":1,"minecraft:cooked_mutton":15,"minecraft:air":0,"minecraft:bow":1,"minecraft:shield":1,"minecraft:stick":12,"minecraft:iron_ingot":13,"minecraft:iron_pickaxe":1,"minecraft:stone_pickaxe":2,"minecraft:stone_sword":1,"minecraft:white_bed":1,"minecraft:torch":4},"minecraft:used":{"minecraft:cooked_mutton":4,"minecraft:stone_sword":65,"minecraft:stone_shovel":45,"minecraft:stone_pickaxe":150,"minecraft:shield":5,"minecraft:wooden_pickaxe":19,"minecraft:rotten_flesh":13,"minecraft:torch":2,"minecraft:dirt":19,"minecraft:crafting_table":4,"minecraft:white_bed":1,"minecraft:iron_pickaxe":1,"minecraft:stone_axe":53,"minecraft:furnace":2},"minecraft:custom":{"minecraft:interact_with_furnace":7,"minecraft:mob_kills":31,"minecraft:interact_with_crafting_table":9,"minecraft:leave_game":1,"minecraft:time_since_death":21657,"minecraft:sleep_in_bed":2,"minecraft:time_since_rest":7206,"minecraft:sprint_one_cm":149220,"minecraft:damage_taken":1345,"minecraft:walk_one_cm":75933,"minecraft:damage_blocked_by_shield":208,"minecraft:drop":3,"minecraft:damage_dealt":4935,"minecraft:fly_one_cm":192389,"minecraft:crouch_one_cm":16949,"minecraft:play_time":40369,"minecraft:deaths":4,"minecraft:sneak_time":5804,"minecraft:jump":1067,"minecraft:walk_on_water_one_cm":588,"minecraft:total_world_time":40369,"minecraft:fall_one_cm":30646},"minecraft:picked_up":{"minecraft:crafting_table":4,"minecraft:leather":1,"minecraft:oak_log":45,"minecraft:shield":2,"minecraft:dirt":135,"minecraft:string":4,"minecraft:bone":30,"minecraft:apple":5,"minecraft:bow":5,"minecraft:wheat_seeds":5,"minecraft:iron_ingot":4,"minecraft:stone_pickaxe":3,"minecraft:oak_planks":9,"minecraft:furnace":2,"minecraft:raw_iron":33,"minecraft:stick":15,"minecraft:torch":12,"minecraft:dandelion":19,"minecraft:gravel":13,"minecraft:dripstone_block":33,"minecraft:pointed_dripstone":170,"minecraft:white_bed":1,"minecraft:redstone":10,"minecraft:rotten_flesh":24,"minecraft:stone_sword":3,"minecraft:arrow":26,"minecraft:stone_shovel":3,"minecraft:sugar":4,"minecraft:stone_axe":3,"minecraft:gray_wool":1,"minecraft:emerald":1,"minecraft:oak_sapling":7,"minecraft:mutton":15,"minecraft:coal":69,"minecraft:white_wool":9,"minecraft:cobblestone":55},"minecraft:killed_by":{"minecraft:wolf":1,"minecraft:skeleton":1,"minecraft:zombie":2}},"DataVersion":3953}