{"stats":{"minecraft:mined":{"minecraft:nether_gold_ore":34,"minecraft:white_bed":17,"minecraft:mossy_cobblestone":2,"minecraft:oak_door":1,"minecraft:cobblestone_stairs":1,"minecraft:brewing_stand":2,"minecraft:ladder":1,"minecraft:grass_block":112,"minecraft:crimson_roots":1,"minecraft:composter":8,"minecraft:hopper":2,"minecraft:chiseled_stone_bricks":1,"minecraft:crimson_stem":11,"minecraft:hay_block":7,"minecraft:oak_trapdoor":5,"minecraft:furnace":2,"minecraft:carrots":124,"minecraft:iron_ore":55,"minecraft:barrel":2,"minecraft:bell":1,"minecraft:bookshelf":4,"minecraft:potatoes":9,"minecraft:pointed_dripstone":30,"minecraft:dirt_path":88,"minecraft:oak_stairs":44,"minecraft:stripped_oak_log":16,"minecraft:stone":70,"minecraft:oak_slab":7,"minecraft:glass_pane":1,"minecraft:crimson_nylium":1,"minecraft:dandelion":4,"minecraft:oak_fence":4,"minecraft:crafting_table":5,"minecraft:short_grass":22,"minecraft:emerald_ore":3,"minecraft:poppy":8,"minecraft:chest":7,"minecraft:lectern":14,"minecraft:nether_quartz_ore":18,"minecraft:tall_grass":11,"minecraft:cobblestone":17,"minecraft:sugar_cane":3,"minecraft:oak_planks":59,"minecraft:wall_torch":3,"minecraft:birch_log":5,"minecraft:nether_wart_block":1,"minecraft:wheat":24,"minecraft:white_carpet":9,"minecraft:stripped_oak_wood":1,"minecraft:yellow_bed":8,"minecraft:oak_log":107,"minecraft:coal_ore":31,"minecraft:beetroots":3,"minecraft:sand":49,"minecraft:gravel":13,"minecraft:dripstone_block":22,"minecraft:dirt":139,"minecraft:crimson_planks":8,"minecraft:tripwire_hook":2,"minecraft:netherrack":91,"minecraft:oak_leaves":8},"minecraft:custom":{"minecraft:mob_kills":56,"minecraft:animals_bred":1,"minecraft:inspect_hopper":27,"minecraft:interact_with_crafting_table":57,"minecraft:open_barrel":32,"minecraft:bell_ring":31,"minecraft:leave_game":3,"minecraft:time_since_death":252889,"minecraft:climb_one_cm":4403,"minecraft:sprint_one_cm":773667,"minecraft:damage_blocked_by_shield":208,"minecraft:walk_one_cm":470850,"minecraft:drop":129,"minecraft:talked_to_villager":194,"minecraft:play_time":271601,"minecraft:sneak_time":28600,"minecraft:deaths":4,"minecraft:walk_under_water_one_cm":4887,"minecraft:interact_with_brewingstand":1,"minecraft:jump":4478,"minecraft:walk_on_water_one_cm":31595,"minecraft:total_world_time":271601,"minecraft:interact_with_furnace":80,"minecraft:traded_with_villager":656,"minecraft:sleep_in_bed":21,"minecraft:time_since_rest":401,"minecraft:damage_taken":2239,"minecraft:damage_dealt":8214,"minecraft:swim_one_cm":5404,"minecraft:fly_one_cm":737699,"minecraft:open_chest":217,"minecraft:crouch_one_cm":72393,"minecraft:fall_one_cm":139985,"minecraft:inspect_dispenser":1},"minecraft:broken":{"minecraft:stone_sword":1,"minecraft:stone_pickaxe":2,"minecraft:stone_axe":2,"minecraft:stone_shovel":2},"minecraft:killed":{"minecraft:witch":1,"minecraft:spider":2,"minecraft:skeleton":5,"minecraft:wolf":1,"minecraft:piglin":1,"minecraft:pig":2,"minecraft:zombie_villager":1,"minecraft:iron_golem":1,"minecraft:sheep":20,"minecraft:zombie":12,"minecraft:donkey":1,"minecraft:villager":2,"minecraft:cow":2},"minecraft:killed_by":{"minecraft:wolf":1,"minecraft:skeleton":1,"minecraft:zombie":2},"minecraft:used":{"minecraft:oak_trapdoor":5,"minecraft:stone_sword":138,"minecraft:stone_shovel":367,"minecraft:dispenser":1,"minecraft:ladder":3,"minecraft:chest":12,"minecraft:shield":5,"minecraft:bell":1,"minecraft:stone_hoe":55,"minecraft:rotten_flesh":13,"minecraft:netherrack":73,"minecraft:torch":7,"minecraft:brewing_stand":2,"minecraft:dirt":228,"minecraft:white_carpet":15,"minecraft:hopper":6,"minecraft:carrot":211,"minecraft:obsidian":2,"minecraft:glass":2,"minecraft:lava_bucket":4,"minecraft:crimson_planks":19,"minecraft:barrel":4,"minecraft:tripwire_hook":4,"minecraft:furnace":4,"minecraft:egg":1,"minecraft:golden_axe":11,"minecraft:crimson_stem":2,"minecraft:wheat_seeds":4,"minecraft:cooked_mutton":33,"minecraft:water_bucket":12,"minecraft:stone_pickaxe":263,"minecraft:powered_rail":2,"minecraft:oak_planks":103,"minecraft:wooden_pickaxe":19,"minecraft:composter":8,"minecraft:sugar_cane":11,"minecraft:rail":2,"minecraft:oak_slab":19,"minecraft:crafting_table":9,"minecraft:crimson_trapdoor":2,"minecraft:white_bed":14,"minecraft:shears":1,"minecraft:redstone_torch":1,"minecraft:oak_log":1,"minecraft:lever":1,"minecraft:iron_pickaxe":116,"minecraft:stone_button":1,"minecraft:string":2,"minecraft:suspicious_stew":14,"minecraft:lectern":13,"minecraft:stone_axe":347,"minecraft:chiseled_stone_bricks":1,"minecraft:fire_charge":1,"minecraft:cobblestone":4,"minecraft:bucket":16,"minecraft:pumpkin_pie":1,"minecraft:yellow_bed":7,"minecraft:bone_meal":6},"minecraft:crafted":{"minecraft:golden_carrot":144,"minecraft:cookie":288,"minecraft:oak_planks":380,"minecraft:stone_shovel":3,"minecraft:barrel":2,"minecraft:tripwire_hook":2,"minecraft:crimson_trapdoor":2,"minecraft:furnace":2,"minecraft:stone_button":1,"minecraft:stone":1,"minecraft:lever":1,"minecraft:bone_meal":6,"minecraft:white_carpet":222,"minecraft:cooked_mutton":36,"minecraft:suspicious_stew":16,"minecraft:oak_trapdoor":4,"minecraft:glass":19,"minecraft:hopper":4,"minecraft:bow":1,"minecraft:ladder":3,"minecraft:stone_pickaxe":2,"minecraft:chest":9,"minecraft:rail":16,"minecraft:stone_hoe":1,"minecraft:cooked_beef":5,"minecraft:golden_boots":1,"minecraft:minecart":1,"minecraft:oak_slab":18,"minecraft:crimson_planks":36,"minecraft:emerald":520,"minecraft:cooked_porkchop":2,"minecraft:crafting_table":4,"minecraft:powered_rail":6,"minecraft:wooden_pickaxe":1,"minecraft:baked_potato":25,"minecraft:bucket":2,"minecraft:campfire":12,"minecraft:stone_axe":3,"minecraft:bread":120,"minecraft:air":0,"minecraft:dispenser":1,"minecraft:apple":48,"minecraft:oak_boat":36,"minecraft:white_wool":144,"minecraft:shield":1,"minecraft:stick":40,"minecraft:iron_ingot":55,"minecraft:iron_pickaxe":1,"minecraft:stone_sword":1,"minecraft:gold_ingot":14,"minecraft:white_bed":1,"minecraft:redstone_torch":1,"minecraft:pumpkin_pie":48,"minecraft:torch":4,"minecraft:shears":1},"minecraft:picked_up":{"minecraft:crafting_table":5,"minecraft:wheat":14,"minecraft:ladder":1,"minecraft:oak_stairs":44,"minecraft:crimson_planks":8,"minecraft:brewing_stand":2,"minecraft:shield":2,"minecraft:string":15277,"minecraft:oak_trapdoor":5,"minecraft:white_carpet":9,"minecraft:beetroot":3,"minecraft:gold_nugget":139,"minecraft:beef":5,"minecraft:birch_sapling":1,"minecraft:sugar_cane":11,"minecraft:poppy":16,"minecraft:lectern":14,"minecraft:egg":1,"minecraft:chest":7,"minecraft:furnace":2,"minecraft:stick":15,"minecraft:raw_iron":55,"minecraft:oak_door":1,"minecraft:composter":8,"minecraft:oak_fence":4,"minecraft:torch":18,"minecraft:porkchop":2,"minecraft:pointed_dripstone":172,"minecraft:carrot":405,"minecraft:redstone":10,"minecraft:stone_sword":3,"minecraft:arrow":26,"minecraft:stone_shovel":3,"minecraft:rotten_flesh":31,"minecraft:beetroot_seeds":9,"minecraft:hay_block":7,"minecraft:mutton":36,"minecraft:white_wool":19,"minecraft:cobblestone":104,"minecraft:stripped_oak_log":16,"minecraft:birch_log":5,"minecraft:crimson_stem":11,"minecraft:tripwire_hook":2,"minecraft:leather":1,"minecraft:potato":25,"minecraft:oak_log":127,"minecraft:yellow_bed":8,"minecraft:nether_wart_block":1,"minecraft:cobblestone_stairs":1,"minecraft:dirt":439,"minecraft:bone":30,"minecraft:apple":5,"minecraft:bow":5,"minecraft:wheat_seeds":50,"minecraft:bell":2,"minecraft:iron_ingot":7,"minecraft:stone_pickaxe":3,"minecraft:stripped_oak_wood":1,"minecraft:oak_planks":68,"minecraft:book":12,"minecraft:oak_slab":11,"minecraft:chiseled_stone_bricks":1,"minecraft:sand":49,"minecraft:quartz":18,"minecraft:dandelion":19,"minecraft:dripstone_block":34,"minecraft:gravel":26,"minecraft:white_bed":17,"minecraft:barrel":2,"minecraft:mossy_cobblestone":2,"minecraft:sugar":4,"minecraft:stone_axe":3,"minecraft:gray_wool":3,"minecraft:emerald":2,"minecraft:oak_sapling":7,"minecraft:netherrack":92,"minecraft:coal":69,"minecraft:hopper":2},"minecraft:dropped":{"minecraft:golden_boots":1,"minecraft:iron_ingot":5,"minecraft:wheat_seeds":1,"minecraft:baked_potato":13,"minecraft:mossy_cobblestone":2,"minecraft:oak_fence":4,"minecraft:emerald":1,"minecraft:stick":1,"minecraft:cobblestone_stairs":1,"minecraft:dirt":7,"minecraft:gray_wool":3,"minecraft:nether_wart_block":1,"minecraft:string":5433,"minecraft:dandelion":10,"minecraft:oak_door":1,"minecraft:gravel":13,"minecraft:birch_sapling":1,"minecraft:rotten_flesh":2,"minecraft:oak_planks":2,"minecraft:carrot":168,"minecraft:poppy":16,"minecraft:oak_sapling":3,"minecraft:campfire":12}},"DataVersion":3953}