{"stats":{"minecraft:mined":{"minecraft:dandelion":4,"minecraft:crafting_table":1,"minecraft:short_grass":5,"minecraft:grass_block":21,"minecraft:tall_grass":2,"minecraft:wall_torch":2,"minecraft:furnace":1,"minecraft:iron_ore":8,"minecraft:pointed_dripstone":29,"minecraft:oak_log":25,"minecraft:coal_ore":21,"minecraft:dripstone_block":4,"minecraft:dirt":10,"minecraft:stone":22,"minecraft:oak_leaves":5},"minecraft:killed":{"minecraft:wolf":1,"minecraft:witch":1,"minecraft:zombie_villager":1,"minecraft:spider":2,"minecraft:sheep":7,"minecraft:skeleton":4,"minecraft:donkey":1,"minecraft:zombie":8},"minecraft:crafted":{"minecraft:oak_planks":20,"minecraft:stone_shovel":1,"minecraft:crafting_table":1,"minecraft:wooden_pickaxe":1,"minecraft:furnace":1,"minecraft:stone_axe":1,"minecraft:cooked_mutton":1,"minecraft:air":0,"minecraft:bow":1,"minecraft:shield":1,"minecraft:stick":12,"minecraft:iron_ingot":3,"minecraft:stone_pickaxe":1,"minecraft:stone_sword":1,"minecraft:torch":4},"minecraft:used":{"minecraft:cooked_mutton":1,"minecraft:stone_sword":59,"minecraft:stone_shovel":31,"minecraft:stone_pickaxe":79,"minecraft:shield":5,"minecraft:wooden_pickaxe":19,"minecraft:rotten_flesh":13,"minecraft:torch":2,"minecraft:dirt":10,"minecraft:crafting_table":1,"minecraft:stone_axe":48,"minecraft:furnace":2},"minecraft:custom":{"minecraft:interact_with_furnace":5,"minecraft:mob_kills":29,"minecraft:interact_with_crafting_table":5,"minecraft:leave_game":1,"minecraft:time_since_death":9657,"minecraft:time_since_rest":9685,"minecraft:sprint_one_cm":117114,"minecraft:damage_taken":1290,"minecraft:walk_one_cm":64233,"minecraft:damage_blocked_by_shield":208,"minecraft:damage_dealt":4606,"minecraft:fly_one_cm":142313,"minecraft:crouch_one_cm":8660,"minecraft:play_time":28369,"minecraft:deaths":4,"minecraft:sneak_time":3143,"minecraft:jump":834,"minecraft:total_world_time":28369,"minecraft:fall_one_cm":22302},"minecraft:picked_up":{"minecraft:crafting_table":1,"minecraft:leather":1,"minecraft:oak_log":45,"minecraft:shield":2,"minecraft:dirt":134,"minecraft:string":4,"minecraft:bone":28,"minecraft:apple":5,"minecraft:bow":5,"minecraft:wheat_seeds":5,"minecraft:iron_ingot":4,"minecraft:stone_pickaxe":3,"minecraft:oak_planks":9,"minecraft:furnace":1,"minecraft:raw_iron":8,"minecraft:stick":15,"minecraft:torch":12,"minecraft:dandelion":19,"minecraft:dripstone_block":16,"minecraft:pointed_dripstone":164,"minecraft:redstone":10,"minecraft:rotten_flesh":22,"minecraft:stone_sword":3,"minecraft:arrow":22,"minecraft:stone_shovel":3,"minecraft:sugar":4,"minecraft:stone_axe":3,"minecraft:gray_wool":1,"minecraft:oak_sapling":7,"minecraft:mutton":15,"minecraft:coal":59,"minecraft:white_wool":9,"minecraft:cobblestone":37},"minecraft:killed_by":{"minecraft:wolf":1,"minecraft:skeleton":1,"minecraft:zombie":2}},"DataVersion":3953}