{"stats":{"minecraft:crafted":{"minecraft:grindstone":1,"minecraft:smooth_stone":7,"minecraft:oak_planks":592,"minecraft:barrel":6,"minecraft:birch_slab":18,"minecraft:stone":59,"minecraft:lever":1,"minecraft:bookshelf":37,"minecraft:cooked_mutton":36,"minecraft:suspicious_stew":16,"minecraft:glass":49,"minecraft:hopper":4,"minecraft:diamond_helmet":2,"minecraft:bow":2,"minecraft:diamond_leggings":2,"minecraft:chest":17,"minecraft:rail":80,"minecraft:stone_hoe":1,"minecraft:stone_bricks":36,"minecraft:golden_boots":1,"minecraft:raw_iron_block":46,"minecraft:glass_bottle":33,"minecraft:oak_slab":90,"minecraft:emerald":1986,"minecraft:cooked_porkchop":2,"minecraft:diamond_axe":6,"minecraft:crafting_table":6,"minecraft:iron_helmet":11,"minecraft:wooden_pickaxe":1,"minecraft:baked_potato":25,"minecraft:raw_gold_block":20,"minecraft:birch_pressure_plate":1,"minecraft:smithing_table":1,"minecraft:birch_planks":60,"minecraft:campfire":12,"minecraft:dispenser":1,"minecraft:apple":48,"minecraft:lectern":11,"minecraft:book":4,"minecraft:paper":12,"minecraft:diamond_pickaxe":7,"minecraft:shield":16,"minecraft:stick":60,"minecraft:stone_slab":6,"minecraft:iron_ingot":328,"minecraft:iron_pickaxe":2,"minecraft:iron_block":3,"minecraft:stone_sword":1,"minecraft:gold_ingot":51,"minecraft:redstone_torch":10,"minecraft:shears":1,"minecraft:golden_carrot":174,"minecraft:cookie":288,"minecraft:redstone":108,"minecraft:raw_iron":441,"minecraft:stone_shovel":4,"minecraft:tripwire_hook":2,"minecraft:crimson_trapdoor":2,"minecraft:furnace":2,"minecraft:stone_button":1,"minecraft:blast_furnace":1,"minecraft:bone_meal":45,"minecraft:white_carpet":1239,"minecraft:oak_trapdoor":26,"minecraft:iron_axe":31,"minecraft:ladder":3,"minecraft:stone_pickaxe":4,"minecraft:diamond_boots":2,"minecraft:minecart":9,"minecraft:wheat":63,"minecraft:cooked_beef":5,"minecraft:crimson_planks":36,"minecraft:diamond_sword":1,"minecraft:enchanting_table":1,"minecraft:powered_rail":18,"minecraft:bucket":2,"minecraft:stone_axe":15,"minecraft:glowstone":36,"minecraft:enchanted_book":8,"minecraft:air":0,"minecraft:bread":141,"minecraft:oak_boat":36,"minecraft:white_wool":800,"minecraft:raw_gold":180,"minecraft:chainmail_boots":12,"minecraft:birch_trapdoor":2,"minecraft:iron_shovel":3,"minecraft:anvil":1,"minecraft:white_bed":1,"minecraft:pumpkin_pie":48,"minecraft:torch":20,"minecraft:lapis_lazuli":48,"minecraft:diamond_chestplate":2},"minecraft:broken":{"minecraft:stone_pickaxe":3,"minecraft:stone_axe":2,"minecraft:stone_shovel":3,"minecraft:stone_sword":1,"minecraft:shield":1,"minecraft:iron_pickaxe":2},"minecraft:mined":{"minecraft:white_bed":17,"minecraft:cobblestone_stairs":1,"minecraft:brewing_stand":6,"minecraft:obsidian":4,"minecraft:granite":21,"minecraft:grass_block":159,"minecraft:composter":8,"minecraft:hopper":2,"minecraft:chiseled_stone_bricks":1,"minecraft:raw_iron_block":3,"minecraft:iron_ore":272,"minecraft:cobbled_deepslate":6,"minecraft:fire":5,"minecraft:barrel":10,"minecraft:pumpkin":4,"minecraft:deepslate_lapis_ore":5,"minecraft:pointed_dripstone":32,"minecraft:dirt_path":117,"minecraft:oak_stairs":44,"minecraft:deepslate_redstone_ore":23,"minecraft:crimson_nylium":4,"minecraft:amethyst_cluster":26,"minecraft:calcite":2,"minecraft:poppy":9,"minecraft:chest":16,"minecraft:glass":6,"minecraft:nether_quartz_ore":18,"minecraft:cobblestone":88,"minecraft:grindstone":2,"minecraft:sugar_cane":90,"minecraft:oak_planks":71,"minecraft:wall_torch":8,"minecraft:amethyst_block":3,"minecraft:powered_rail":12,"minecraft:nether_wart_block":1,"minecraft:birch_log":15,"minecraft:wheat":24,"minecraft:stripped_oak_wood":1,"minecraft:oak_log":276,"minecraft:beetroots":3,"minecraft:sand":49,"minecraft:dirt":263,"minecraft:crimson_planks":13,"minecraft:tripwire_hook":2,"minecraft:netherrack":117,"minecraft:oak_leaves":28,"minecraft:deepslate":134,"minecraft:nether_gold_ore":34,"minecraft:tuff":6,"minecraft:mossy_cobblestone":2,"minecraft:deepslate_diamond_ore":87,"minecraft:oak_door":1,"minecraft:ladder":1,"minecraft:crimson_roots":2,"minecraft:crimson_stem":11,"minecraft:hay_block":7,"minecraft:oak_trapdoor":6,"minecraft:furnace":3,"minecraft:carrots":346,"minecraft:andesite":51,"minecraft:bell":1,"minecraft:bookshelf":15,"minecraft:potatoes":9,"minecraft:deepslate_iron_ore":99,"minecraft:rail":174,"minecraft:stripped_oak_log":16,"minecraft:stone":1538,"minecraft:redstone_wall_torch":1,"minecraft:smithing_table":4,"minecraft:oak_slab":7,"minecraft:glass_pane":1,"minecraft:dandelion":4,"minecraft:oak_fence":4,"minecraft:crafting_table":7,"minecraft:short_grass":23,"minecraft:emerald_ore":5,"minecraft:lectern":99,"minecraft:tall_grass":11,"minecraft:copper_ore":2,"minecraft:lapis_ore":18,"minecraft:deepslate_gold_ore":87,"minecraft:diorite":18,"minecraft:redstone_torch":10,"minecraft:white_carpet":13,"minecraft:birch_leaves":2,"minecraft:yellow_bed":31,"minecraft:coal_ore":115,"minecraft:gravel":13,"minecraft:dripstone_block":27,"minecraft:stone_bricks":1,"minecraft:gold_ore":3},"minecraft:dropped":{"minecraft:lapis_lazuli":117,"minecraft:oak_log":142,"minecraft:baked_potato":13,"minecraft:cobblestone_stairs":1,"minecraft:emerald":133,"minecraft:dirt":20,"minecraft:mutton":1,"minecraft:bone_meal":1,"minecraft:white_wool":1,"minecraft:gold_ingot":2,"minecraft:bone":60,"minecraft:oak_door":1,"minecraft:gravel":19,"minecraft:stone_axe":13,"minecraft:sugar_cane":6,"minecraft:cobbled_deepslate":36,"minecraft:birch_sapling":3,"minecraft:pointed_dripstone":18,"minecraft:rotten_flesh":22,"minecraft:oak_planks":8,"minecraft:carrot":954,"minecraft:poppy":17,"minecraft:chainmail_boots":15,"minecraft:campfire":12,"minecraft:beef":5,"minecraft:netherrack":1,"minecraft:golden_boots":1,"minecraft:iron_ingot":5,"minecraft:bread":244,"minecraft:wheat_seeds":1,"minecraft:mossy_cobblestone":2,"minecraft:dripstone_block":4,"minecraft:diamond_leggings":2,"minecraft:oak_fence":5,"minecraft:iron_helmet":2,"minecraft:cobblestone":54,"minecraft:amethyst_block":4,"minecraft:apple":1,"minecraft:granite":5,"minecraft:stick":1,"minecraft:lava_bucket":1,"minecraft:gray_wool":3,"minecraft:diorite":15,"minecraft:nether_wart_block":1,"minecraft:diamond_helmet":2,"minecraft:iron_leggings":1,"minecraft:iron_axe":20,"minecraft:chainmail_leggings":1,"minecraft:string":6540,"minecraft:redstone":13,"minecraft:dandelion":10,"minecraft:raw_copper":9,"minecraft:tuff":4,"minecraft:stone_shovel":1,"minecraft:shield":2,"minecraft:diamond_chestplate":2,"minecraft:diamond_pickaxe":1,"minecraft:andesite":34,"minecraft:golden_leggings":1,"minecraft:oak_sapling":13,"minecraft:spider_eye":5,"minecraft:diamond_boots":3,"minecraft:stone_pickaxe":1,"minecraft:raw_gold":1},"minecraft:custom":{"minecraft:animals_bred":1,"minecraft:interact_with_crafting_table":127,"minecraft:open_barrel":33,"minecraft:bell_ring":31,"minecraft:leave_game":6,"minecraft:time_since_death":118134,"minecraft:sprint_one_cm":2214493,"minecraft:damage_blocked_by_shield":2916,"minecraft:drop":443,"minecraft:talked_to_villager":739,"minecraft:play_time":726684,"minecraft:deaths":5,"minecraft:jump":11605,"minecraft:interact_with_brewingstand":1,"minecraft:walk_on_water_one_cm":55896,"minecraft:interact_with_furnace":106,"minecraft:traded_with_villager":2417,"minecraft:sleep_in_bed":45,"minecraft:damage_dealt":34339,"minecraft:crouch_one_cm":203338,"minecraft:inspect_dispenser":31,"minecraft:interact_with_smithing_table":3,"minecraft:interact_with_anvil":7,"minecraft:mob_kills":154,"minecraft:inspect_hopper":32,"minecraft:climb_one_cm":12856,"minecraft:walk_one_cm":1338287,"minecraft:sneak_time":76216,"minecraft:walk_under_water_one_cm":14729,"minecraft:interact_with_blast_furnace":45,"minecraft:total_world_time":726684,"minecraft:interact_with_grindstone":1,"minecraft:time_since_rest":11777,"minecraft:damage_taken":6815,"minecraft:swim_one_cm":10111,"minecraft:fly_one_cm":2033025,"minecraft:open_chest":766,"minecraft:fall_one_cm":343047},"minecraft:killed":{"minecraft:witch":1,"minecraft:spider":13,"minecraft:skeleton":34,"minecraft:wolf":1,"minecraft:piglin":2,"minecraft:pig":2,"minecraft:zombie_villager":1,"minecraft:iron_golem":10,"minecraft:creeper":14,"minecraft:sheep":21,"minecraft:zombie":38,"minecraft:donkey":2,"minecraft:cow":4,"minecraft:villager":3,"minecraft:enderman":2},"minecraft:picked_up":{"minecraft:wheat":28,"minecraft:chainmail_boots":3,"minecraft:suspicious_stew":2,"minecraft:smithing_table":4,"minecraft:diamond_sword":1,"minecraft:oak_stairs":88,"minecraft:crimson_planks":13,"minecraft:brewing_stand":6,"minecraft:amethyst_block":4,"minecraft:string":35767,"minecraft:raw_copper":9,"minecraft:iron_leggings":1,"minecraft:beetroot":6,"minecraft:diamond_leggings":2,"minecraft:gold_nugget":152,"minecraft:cobbled_deepslate":165,"minecraft:redstone_torch":11,"minecraft:furnace":3,"minecraft:stick":27,"minecraft:composter":8,"minecraft:oak_fence":5,"minecraft:torch":30,"minecraft:porkchop":2,"minecraft:golden_axe":1,"minecraft:pointed_dripstone":239,"minecraft:diorite":19,"minecraft:stone_sword":3,"minecraft:rotten_flesh":51,"minecraft:iron_block":58,"minecraft:obsidian":4,"minecraft:cobblestone":1809,"minecraft:birch_log":15,"minecraft:water_bucket":1,"minecraft:andesite":49,"minecraft:potato":25,"minecraft:flint":3,"minecraft:tuff":4,"minecraft:lapis_lazuli":465,"minecraft:dirt":890,"minecraft:glass":53,"minecraft:bone":109,"minecraft:bow":7,"minecraft:wheat_seeds":94,"minecraft:raw_gold":187,"minecraft:bell":3,"minecraft:grindstone":2,"minecraft:diamond_helmet":2,"minecraft:powered_rail":13,"minecraft:oak_planks":85,"minecraft:sand":49,"minecraft:barrel":11,"minecraft:mossy_cobblestone":2,"minecraft:sugar":6,"minecraft:diamond":178,"minecraft:granite":21,"minecraft:emerald":228,"minecraft:bread":175,"minecraft:oak_sapling":18,"minecraft:netherrack":120,"minecraft:diamond_pickaxe":1,"minecraft:crafting_table":7,"minecraft:ladder":2,"minecraft:shield":4,"minecraft:oak_trapdoor":10,"minecraft:iron_axe":4,"minecraft:white_carpet":17,"minecraft:iron_shovel":1,"minecraft:beef":10,"minecraft:iron_nugget":12,"minecraft:poppy":22,"minecraft:minecart":29,"minecraft:lectern":100,"minecraft:sugar_cane":125,"minecraft:chest":16,"minecraft:birch_sapling":3,"minecraft:egg":1,"minecraft:raw_iron":742,"minecraft:oak_door":1,"minecraft:bowl":14,"minecraft:cookie":288,"minecraft:carrot":1389,"minecraft:redstone":151,"minecraft:arrow":65,"minecraft:stone_shovel":3,"minecraft:diamond_chestplate":2,"minecraft:beetroot_seeds":18,"minecraft:shears":1,"minecraft:diamond_boots":3,"minecraft:hay_block":14,"minecraft:gold_ingot":4,"minecraft:mutton":37,"minecraft:rail":174,"minecraft:white_wool":43,"minecraft:stripped_oak_log":16,"minecraft:golden_carrot":174,"minecraft:tripwire_hook":2,"minecraft:crimson_stem":11,"minecraft:leather":14,"minecraft:oak_log":375,"minecraft:yellow_bed":32,"minecraft:nether_wart_block":1,"minecraft:gunpowder":14,"minecraft:cobblestone_stairs":1,"minecraft:stone_bricks":1,"minecraft:apple":57,"minecraft:iron_ingot":59,"minecraft:stone_pickaxe":3,"minecraft:stripped_oak_wood":1,"minecraft:soul_sand":5,"minecraft:book":54,"minecraft:oak_slab":17,"minecraft:pumpkin":4,"minecraft:chiseled_stone_bricks":1,"minecraft:quartz":36,"minecraft:dandelion":19,"minecraft:dripstone_block":60,"minecraft:raw_iron_block":3,"minecraft:gravel":48,"minecraft:lava_bucket":2,"minecraft:amethyst_shard":416,"minecraft:white_bed":21,"minecraft:spider_eye":5,"minecraft:stone_axe":3,"minecraft:chainmail_leggings":1,"minecraft:iron_helmet":1,"minecraft:diamond_axe":1,"minecraft:gray_wool":3,"minecraft:coal":461,"minecraft:hopper":2},"minecraft:killed_by":{"minecraft:zombie":3,"minecraft:wolf":1,"minecraft:skeleton":1},"minecraft:used":{"minecraft:iron_shovel":65,"minecraft:dispenser":1,"minecraft:ladder":3,"minecraft:poppy":5,"minecraft:chest":29,"minecraft:shield":54,"minecraft:bell":1,"minecraft:rotten_flesh":13,"minecraft:carrot":435,"minecraft:obsidian":2,"minecraft:glass":22,"minecraft:lava_bucket":12,"minecraft:iron_helmet":1,"minecraft:stone_bricks":37,"minecraft:birch_trapdoor":2,"minecraft:oak_sapling":1,"minecraft:furnace":4,"minecraft:egg":1,"minecraft:diorite":4,"minecraft:oak_planks":115,"minecraft:stone_pickaxe":413,"minecraft:powered_rail":21,"minecraft:wooden_pickaxe":19,"minecraft:composter":8,"minecraft:sugar_cane":12,"minecraft:diamond_axe":362,"minecraft:blast_furnace":1,"minecraft:shears":1,"minecraft:redstone_torch":18,"minecraft:lever":1,"minecraft:stone_button":1,"minecraft:string":2,"minecraft:bread":12,"minecraft:lectern":110,"minecraft:diamond_sword":193,"minecraft:fire_charge":1,"minecraft:grindstone":3,"minecraft:smithing_table":5,"minecraft:andesite":14,"minecraft:bone_meal":44,"minecraft:oak_trapdoor":26,"minecraft:enchanting_table":1,"minecraft:stone_sword":138,"minecraft:stone_shovel":489,"minecraft:stone_hoe":59,"minecraft:netherrack":116,"minecraft:dirt":260,"minecraft:torch":25,"minecraft:brewing_stand":6,"minecraft:anvil":1,"minecraft:white_carpet":30,"minecraft:hopper":6,"minecraft:granite":16,"minecraft:bookshelf":26,"minecraft:iron_axe":118,"minecraft:crimson_planks":41,"minecraft:barrel":16,"minecraft:tripwire_hook":4,"minecraft:golden_carrot":36,"minecraft:minecart":1,"minecraft:cooked_beef":5,"minecraft:cobbled_deepslate":111,"minecraft:golden_axe":11,"minecraft:crimson_stem":2,"minecraft:wheat_seeds":4,"minecraft:cooked_mutton":34,"minecraft:water_bucket":18,"minecraft:baked_potato":7,"minecraft:rail":234,"minecraft:oak_slab":19,"minecraft:crafting_table":13,"minecraft:crimson_trapdoor":2,"minecraft:white_bed":14,"minecraft:oak_log":2,"minecraft:diamond_pickaxe":2271,"minecraft:apple":1,"minecraft:iron_pickaxe":501,"minecraft:suspicious_stew":14,"minecraft:stone_axe":365,"minecraft:chiseled_stone_bricks":1,"minecraft:cobblestone":473,"minecraft:cooked_porkchop":2,"minecraft:bucket":32,"minecraft:pumpkin_pie":48,"minecraft:yellow_bed":31}},"DataVersion":3953}