{"stats":{"minecraft:mined":{"minecraft:furnace":1,"minecraft:iron_ore":3,"minecraft:dandelion":4,"minecraft:grass_block":1,"minecraft:short_grass":2,"minecraft:oak_log":15,"minecraft:coal_ore":21,"minecraft:pointed_dripstone":29,"minecraft:dripstone_block":4,"minecraft:tall_grass":2,"minecraft:stone":22,"minecraft:oak_leaves":3,"minecraft:wall_torch":1},"minecraft:killed":{"minecraft:skeleton":4,"minecraft:wolf":1,"minecraft:zombie":8,"minecraft:witch":1,"minecraft:zombie_villager":1,"minecraft:spider":2},"minecraft:crafted":{"minecraft:oak_planks":20,"minecraft:stone_shovel":1,"minecraft:bow":1,"minecraft:shield":1,"minecraft:crafting_table":1,"minecraft:stick":12,"minecraft:iron_ingot":3,"minecraft:wooden_pickaxe":1,"minecraft:stone_pickaxe":1,"minecraft:stone_sword":1,"minecraft:furnace":1,"minecraft:torch":4,"minecraft:stone_axe":1,"minecraft:air":0},"minecraft:used":{"minecraft:stone_sword":38,"minecraft:stone_pickaxe":74,"minecraft:shield":5,"minecraft:wooden_pickaxe":19,"minecraft:rotten_flesh":13,"minecraft:stone_axe":34,"minecraft:torch":2,"minecraft:dirt":1,"minecraft:crafting_table":1,"minecraft:furnace":1},"minecraft:picked_up":{"minecraft:stick":15,"minecraft:raw_iron":3,"minecraft:torch":11,"minecraft:dandelion":17,"minecraft:dripstone_block":16,"minecraft:oak_log":35,"minecraft:pointed_dripstone":164,"minecraft:shield":2,"minecraft:redstone":10,"minecraft:sugar":4,"minecraft:string":4,"minecraft:dirt":104,"minecraft:rotten_flesh":22,"minecraft:stone_sword":3,"minecraft:arrow":22,"minecraft:bone":28,"minecraft:stone_shovel":3,"minecraft:apple":5,"minecraft:bow":5,"minecraft:stone_axe":3,"minecraft:wheat_seeds":4,"minecraft:iron_ingot":4,"minecraft:stone_pickaxe":3,"minecraft:oak_sapling":7,"minecraft:oak_planks":9,"minecraft:coal":59,"minecraft:cobblestone":37,"minecraft:furnace":1},"minecraft:custom":{"minecraft:time_since_rest":1905,"minecraft:interact_with_furnace":3,"minecraft:sprint_one_cm":79273,"minecraft:damage_taken":1200,"minecraft:walk_one_cm":49603,"minecraft:damage_blocked_by_shield":208,"minecraft:mob_kills":18,"minecraft:damage_dealt":3681,"minecraft:interact_with_crafting_table":5,"minecraft:fly_one_cm":69920,"minecraft:deaths":4,"minecraft:crouch_one_cm":5319,"minecraft:play_time":20589,"minecraft:sneak_time":2223,"minecraft:jump":503,"minecraft:leave_game":1,"minecraft:time_since_death":1877,"minecraft:total_world_time":20589,"minecraft:fall_one_cm":11951},"minecraft:killed_by":{"minecraft:wolf":1,"minecraft:skeleton":1,"minecraft:zombie":2}},"DataVersion":3953}