{"stats":{"minecraft:dropped":{"minecraft:baked_potato":13,"minecraft:cobblestone_stairs":1,"minecraft:emerald":65,"minecraft:dirt":20,"minecraft:mutton":1,"minecraft:white_wool":1,"minecraft:bone":13,"minecraft:oak_door":1,"minecraft:gravel":13,"minecraft:stone_axe":13,"minecraft:sugar_cane":6,"minecraft:birch_sapling":3,"minecraft:pointed_dripstone":9,"minecraft:rotten_flesh":5,"minecraft:oak_planks":5,"minecraft:carrot":730,"minecraft:poppy":17,"minecraft:chainmail_boots":14,"minecraft:campfire":12,"minecraft:netherrack":1,"minecraft:iron_ingot":5,"minecraft:golden_boots":1,"minecraft:wheat_seeds":1,"minecraft:mossy_cobblestone":2,"minecraft:dripstone_block":4,"minecraft:diamond_leggings":2,"minecraft:oak_fence":4,"minecraft:iron_helmet":2,"minecraft:cobblestone":54,"minecraft:granite":2,"minecraft:stick":1,"minecraft:gray_wool":3,"minecraft:diorite":13,"minecraft:nether_wart_block":1,"minecraft:diamond_helmet":2,"minecraft:iron_leggings":1,"minecraft:iron_axe":20,"minecraft:string":6535,"minecraft:dandelion":10,"minecraft:stone_shovel":1,"minecraft:shield":2,"minecraft:diamond_chestplate":2,"minecraft:diamond_pickaxe":1,"minecraft:andesite":33,"minecraft:golden_leggings":1,"minecraft:oak_sapling":7,"minecraft:spider_eye":1,"minecraft:diamond_boots":3,"minecraft:stone_pickaxe":1,"minecraft:raw_gold":1},"minecraft:custom":{"minecraft:animals_bred":1,"minecraft:interact_with_crafting_table":109,"minecraft:open_barrel":33,"minecraft:bell_ring":31,"minecraft:leave_game":5,"minecraft:time_since_death":547492,"minecraft:sprint_one_cm":1587279,"minecraft:damage_blocked_by_shield":637,"minecraft:drop":306,"minecraft:talked_to_villager":621,"minecraft:play_time":566204,"minecraft:deaths":4,"minecraft:jump":8259,"minecraft:interact_with_brewingstand":1,"minecraft:walk_on_water_one_cm":43505,"minecraft:interact_with_furnace":99,"minecraft:traded_with_villager":2173,"minecraft:sleep_in_bed":41,"minecraft:damage_dealt":22414,"minecraft:crouch_one_cm":139363,"minecraft:inspect_dispenser":22,"minecraft:interact_with_smithing_table":3,"minecraft:interact_with_anvil":4,"minecraft:mob_kills":92,"minecraft:inspect_hopper":27,"minecraft:climb_one_cm":10316,"minecraft:walk_one_cm":1029264,"minecraft:sneak_time":55677,"minecraft:walk_under_water_one_cm":6465,"minecraft:interact_with_blast_furnace":26,"minecraft:total_world_time":566204,"minecraft:time_since_rest":37889,"minecraft:damage_taken":3223,"minecraft:swim_one_cm":6539,"minecraft:fly_one_cm":1478271,"minecraft:open_chest":594,"minecraft:fall_one_cm":238742},"minecraft:killed_by":{"minecraft:zombie":2,"minecraft:wolf":1,"minecraft:skeleton":1},"minecraft:used":{"minecraft:iron_shovel":62,"minecraft:dispenser":1,"minecraft:poppy":5,"minecraft:ladder":3,"minecraft:chest":23,"minecraft:shield":15,"minecraft:bell":1,"minecraft:rotten_flesh":13,"minecraft:carrot":375,"minecraft:obsidian":2,"minecraft:glass":2,"minecraft:lava_bucket":12,"minecraft:iron_helmet":1,"minecraft:birch_trapdoor":2,"minecraft:furnace":4,"minecraft:egg":1,"minecraft:powered_rail":17,"minecraft:stone_pickaxe":413,"minecraft:oak_planks":114,"minecraft:wooden_pickaxe":19,"minecraft:composter":8,"minecraft:diamond_axe":205,"minecraft:sugar_cane":12,"minecraft:blast_furnace":1,"minecraft:shears":1,"minecraft:redstone_torch":14,"minecraft:lever":1,"minecraft:bread":12,"minecraft:string":2,"minecraft:stone_button":1,"minecraft:lectern":63,"minecraft:fire_charge":1,"minecraft:grindstone":3,"minecraft:smithing_table":5,"minecraft:bone_meal":42,"minecraft:oak_trapdoor":20,"minecraft:stone_sword":138,"minecraft:stone_shovel":489,"minecraft:stone_hoe":55,"minecraft:netherrack":111,"minecraft:torch":12,"minecraft:brewing_stand":6,"minecraft:dirt":242,"minecraft:anvil":1,"minecraft:white_carpet":29,"minecraft:hopper":6,"minecraft:iron_axe":112,"minecraft:crimson_planks":41,"minecraft:barrel":16,"minecraft:tripwire_hook":4,"minecraft:minecart":1,"minecraft:cooked_beef":5,"minecraft:golden_axe":11,"minecraft:crimson_stem":2,"minecraft:wheat_seeds":4,"minecraft:cooked_mutton":34,"minecraft:water_bucket":13,"minecraft:baked_potato":7,"minecraft:rail":183,"minecraft:oak_slab":19,"minecraft:crafting_table":12,"minecraft:crimson_trapdoor":2,"minecraft:white_bed":14,"minecraft:oak_log":2,"minecraft:apple":1,"minecraft:diamond_pickaxe":858,"minecraft:iron_pickaxe":501,"minecraft:suspicious_stew":14,"minecraft:stone_axe":365,"minecraft:chiseled_stone_bricks":1,"minecraft:cobblestone":183,"minecraft:cooked_porkchop":2,"minecraft:bucket":27,"minecraft:yellow_bed":27,"minecraft:pumpkin_pie":25},"minecraft:crafted":{"minecraft:grindstone":1,"minecraft:oak_planks":512,"minecraft:smooth_stone":7,"minecraft:barrel":6,"minecraft:birch_slab":18,"minecraft:stone":38,"minecraft:lever":1,"minecraft:bookshelf":4,"minecraft:cooked_mutton":36,"minecraft:suspicious_stew":16,"minecraft:hopper":4,"minecraft:glass":49,"minecraft:diamond_helmet":2,"minecraft:bow":1,"minecraft:diamond_leggings":2,"minecraft:chest":15,"minecraft:rail":48,"minecraft:stone_hoe":1,"minecraft:golden_boots":1,"minecraft:glass_bottle":33,"minecraft:oak_slab":30,"minecraft:emerald":1782,"minecraft:cooked_porkchop":2,"minecraft:diamond_axe":6,"minecraft:crafting_table":5,"minecraft:iron_helmet":11,"minecraft:wooden_pickaxe":1,"minecraft:baked_potato":25,"minecraft:birch_pressure_plate":1,"minecraft:smithing_table":1,"minecraft:birch_planks":60,"minecraft:campfire":12,"minecraft:dispenser":1,"minecraft:apple":48,"minecraft:lectern":4,"minecraft:book":1,"minecraft:paper":3,"minecraft:diamond_pickaxe":7,"minecraft:shield":16,"minecraft:stick":52,"minecraft:stone_slab":6,"minecraft:iron_ingot":198,"minecraft:iron_pickaxe":2,"minecraft:iron_block":3,"minecraft:stone_sword":1,"minecraft:gold_ingot":14,"minecraft:redstone_torch":8,"minecraft:shears":1,"minecraft:golden_carrot":174,"minecraft:cookie":288,"minecraft:redstone":108,"minecraft:stone_shovel":4,"minecraft:tripwire_hook":2,"minecraft:crimson_trapdoor":2,"minecraft:furnace":2,"minecraft:stone_button":1,"minecraft:blast_furnace":1,"minecraft:bone_meal":42,"minecraft:white_carpet":615,"minecraft:oak_trapdoor":18,"minecraft:iron_axe":31,"minecraft:ladder":3,"minecraft:stone_pickaxe":4,"minecraft:diamond_boots":2,"minecraft:minecart":1,"minecraft:cooked_beef":5,"minecraft:crimson_planks":36,"minecraft:diamond_sword":1,"minecraft:powered_rail":18,"minecraft:bucket":2,"minecraft:stone_axe":15,"minecraft:glowstone":36,"minecraft:enchanted_book":1,"minecraft:bread":120,"minecraft:air":0,"minecraft:oak_boat":36,"minecraft:white_wool":384,"minecraft:chainmail_boots":12,"minecraft:birch_trapdoor":2,"minecraft:iron_shovel":3,"minecraft:anvil":1,"minecraft:white_bed":1,"minecraft:pumpkin_pie":48,"minecraft:torch":4,"minecraft:lapis_lazuli":48,"minecraft:diamond_chestplate":2},"minecraft:broken":{"minecraft:stone_pickaxe":3,"minecraft:stone_axe":2,"minecraft:stone_shovel":3,"minecraft:stone_sword":1,"minecraft:iron_pickaxe":2},"minecraft:killed":{"minecraft:witch":1,"minecraft:spider":5,"minecraft:skeleton":13,"minecraft:wolf":1,"minecraft:piglin":2,"minecraft:pig":2,"minecraft:zombie_villager":1,"minecraft:iron_golem":10,"minecraft:creeper":7,"minecraft:sheep":21,"minecraft:donkey":1,"minecraft:zombie":16,"minecraft:cow":2,"minecraft:villager":3,"minecraft:enderman":2},"minecraft:picked_up":{"minecraft:wheat":28,"minecraft:chainmail_boots":2,"minecraft:suspicious_stew":2,"minecraft:smithing_table":4,"minecraft:oak_stairs":88,"minecraft:crimson_planks":13,"minecraft:brewing_stand":6,"minecraft:string":35762,"minecraft:iron_leggings":1,"minecraft:beetroot":6,"minecraft:diamond_leggings":1,"minecraft:gold_nugget":152,"minecraft:redstone_torch":7,"minecraft:furnace":3,"minecraft:stick":22,"minecraft:composter":8,"minecraft:oak_fence":4,"minecraft:torch":23,"minecraft:porkchop":2,"minecraft:golden_axe":1,"minecraft:pointed_dripstone":230,"minecraft:diorite":13,"minecraft:stone_sword":3,"minecraft:rotten_flesh":34,"minecraft:cobblestone":1112,"minecraft:birch_log":15,"minecraft:andesite":34,"minecraft:potato":25,"minecraft:flint":2,"minecraft:dirt":869,"minecraft:glass":47,"minecraft:bone":55,"minecraft:bow":5,"minecraft:wheat_seeds":94,"minecraft:raw_gold":3,"minecraft:bell":3,"minecraft:grindstone":2,"minecraft:diamond_helmet":1,"minecraft:powered_rail":9,"minecraft:oak_planks":81,"minecraft:sand":49,"minecraft:barrel":11,"minecraft:mossy_cobblestone":2,"minecraft:sugar":6,"minecraft:granite":2,"minecraft:bread":60,"minecraft:emerald":224,"minecraft:oak_sapling":11,"minecraft:netherrack":115,"minecraft:crafting_table":7,"minecraft:ladder":2,"minecraft:shield":2,"minecraft:oak_trapdoor":10,"minecraft:iron_axe":4,"minecraft:white_carpet":16,"minecraft:beef":5,"minecraft:iron_nugget":12,"minecraft:poppy":22,"minecraft:lectern":60,"minecraft:minecart":20,"minecraft:sugar_cane":97,"minecraft:chest":12,"minecraft:birch_sapling":3,"minecraft:egg":1,"minecraft:raw_iron":197,"minecraft:oak_door":1,"minecraft:bowl":14,"minecraft:cookie":288,"minecraft:carrot":1105,"minecraft:redstone":10,"minecraft:arrow":41,"minecraft:diamond_chestplate":1,"minecraft:stone_shovel":3,"minecraft:beetroot_seeds":18,"minecraft:shears":1,"minecraft:diamond_boots":2,"minecraft:hay_block":14,"minecraft:gold_ingot":4,"minecraft:mutton":37,"minecraft:white_wool":43,"minecraft:rail":138,"minecraft:stripped_oak_log":16,"minecraft:golden_carrot":174,"minecraft:crimson_stem":11,"minecraft:tripwire_hook":2,"minecraft:leather":2,"minecraft:oak_log":225,"minecraft:nether_wart_block":1,"minecraft:yellow_bed":28,"minecraft:gunpowder":4,"minecraft:cobblestone_stairs":1,"minecraft:apple":56,"minecraft:iron_ingot":59,"minecraft:stone_pickaxe":3,"minecraft:stripped_oak_wood":1,"minecraft:soul_sand":3,"minecraft:book":24,"minecraft:oak_slab":17,"minecraft:pumpkin":4,"minecraft:chiseled_stone_bricks":1,"minecraft:quartz":36,"minecraft:dandelion":19,"minecraft:dripstone_block":60,"minecraft:gravel":39,"minecraft:white_bed":21,"minecraft:spider_eye":1,"minecraft:stone_axe":3,"minecraft:iron_helmet":1,"minecraft:gray_wool":3,"minecraft:coal":83,"minecraft:hopper":2},"minecraft:mined":{"minecraft:white_bed":17,"minecraft:cobblestone_stairs":1,"minecraft:brewing_stand":6,"minecraft:granite":3,"minecraft:grass_block":154,"minecraft:composter":8,"minecraft:hopper":2,"minecraft:chiseled_stone_bricks":1,"minecraft:iron_ore":173,"minecraft:fire":5,"minecraft:barrel":10,"minecraft:pumpkin":4,"minecraft:pointed_dripstone":31,"minecraft:dirt_path":116,"minecraft:oak_stairs":44,"minecraft:crimson_nylium":1,"minecraft:poppy":9,"minecraft:chest":12,"minecraft:nether_quartz_ore":18,"minecraft:cobblestone":63,"minecraft:grindstone":2,"minecraft:sugar_cane":71,"minecraft:oak_planks":70,"minecraft:wall_torch":3,"minecraft:powered_rail":9,"minecraft:nether_wart_block":1,"minecraft:birch_log":15,"minecraft:wheat":24,"minecraft:stripped_oak_wood":1,"minecraft:oak_log":190,"minecraft:beetroots":3,"minecraft:sand":49,"minecraft:dirt":262,"minecraft:crimson_planks":13,"minecraft:tripwire_hook":2,"minecraft:netherrack":115,"minecraft:oak_leaves":23,"minecraft:nether_gold_ore":34,"minecraft:mossy_cobblestone":2,"minecraft:oak_door":1,"minecraft:ladder":1,"minecraft:crimson_roots":1,"minecraft:crimson_stem":11,"minecraft:hay_block":7,"minecraft:oak_trapdoor":6,"minecraft:furnace":3,"minecraft:carrots":288,"minecraft:andesite":36,"minecraft:bell":1,"minecraft:bookshelf":4,"minecraft:potatoes":9,"minecraft:rail":137,"minecraft:stripped_oak_log":16,"minecraft:stone":982,"minecraft:redstone_wall_torch":1,"minecraft:smithing_table":4,"minecraft:oak_slab":7,"minecraft:glass_pane":1,"minecraft:dandelion":4,"minecraft:oak_fence":4,"minecraft:crafting_table":7,"minecraft:short_grass":23,"minecraft:emerald_ore":5,"minecraft:lectern":59,"minecraft:tall_grass":11,"minecraft:deepslate_gold_ore":1,"minecraft:diorite":13,"minecraft:redstone_torch":6,"minecraft:white_carpet":12,"minecraft:birch_leaves":2,"minecraft:yellow_bed":28,"minecraft:coal_ore":31,"minecraft:gravel":13,"minecraft:dripstone_block":27,"minecraft:gold_ore":1}},"DataVersion":3953}