{"stats":{"minecraft:dropped":{"minecraft:stick":1,"minecraft:emerald":1,"minecraft:gray_wool":3,"minecraft:string":4835,"minecraft:dandelion":10,"minecraft:gravel":13,"minecraft:rotten_flesh":2,"minecraft:poppy":13,"minecraft:oak_sapling":3},"minecraft:mined":{"minecraft:white_bed":8,"minecraft:brewing_stand":2,"minecraft:grass_block":75,"minecraft:crimson_roots":1,"minecraft:hopper":2,"minecraft:composter":6,"minecraft:chiseled_stone_bricks":1,"minecraft:crimson_stem":11,"minecraft:hay_block":7,"minecraft:furnace":2,"minecraft:carrots":32,"minecraft:iron_ore":52,"minecraft:bell":1,"minecraft:potatoes":9,"minecraft:bookshelf":4,"minecraft:pointed_dripstone":30,"minecraft:dirt_path":67,"minecraft:stone":65,"minecraft:oak_slab":7,"minecraft:dandelion":4,"minecraft:oak_fence":3,"minecraft:crafting_table":5,"minecraft:short_grass":10,"minecraft:emerald_ore":1,"minecraft:poppy":6,"minecraft:chest":7,"minecraft:lectern":14,"minecraft:cobblestone":3,"minecraft:nether_quartz_ore":3,"minecraft:tall_grass":6,"minecraft:wall_torch":3,"minecraft:nether_wart_block":1,"minecraft:wheat":24,"minecraft:white_carpet":2,"minecraft:stripped_oak_wood":1,"minecraft:yellow_bed":3,"minecraft:coal_ore":31,"minecraft:oak_log":31,"minecraft:beetroots":3,"minecraft:gravel":13,"minecraft:dripstone_block":22,"minecraft:dirt":76,"minecraft:crimson_planks":6,"minecraft:tripwire_hook":2,"minecraft:oak_leaves":5},"minecraft:killed":{"minecraft:witch":1,"minecraft:spider":2,"minecraft:skeleton":5,"minecraft:wolf":1,"minecraft:zombie_villager":1,"minecraft:iron_golem":1,"minecraft:sheep":20,"minecraft:zombie":12,"minecraft:donkey":1,"minecraft:villager":1},"minecraft:broken":{"minecraft:stone_pickaxe":1,"minecraft:stone_axe":1,"minecraft:stone_shovel":1},"minecraft:crafted":{"minecraft:golden_carrot":72,"minecraft:cookie":288,"minecraft:oak_planks":128,"minecraft:stone_shovel":2,"minecraft:barrel":2,"minecraft:tripwire_hook":2,"minecraft:crimson_trapdoor":2,"minecraft:furnace":2,"minecraft:lever":1,"minecraft:white_carpet":126,"minecraft:suspicious_stew":16,"minecraft:cooked_mutton":36,"minecraft:hopper":4,"minecraft:bow":1,"minecraft:stone_pickaxe":2,"minecraft:chest":9,"minecraft:stone_hoe":1,"minecraft:oak_slab":12,"minecraft:crimson_planks":36,"minecraft:emerald":144,"minecraft:crafting_table":2,"minecraft:wooden_pickaxe":1,"minecraft:baked_potato":25,"minecraft:bucket":2,"minecraft:stone_axe":2,"minecraft:bread":120,"minecraft:air":0,"minecraft:apple":48,"minecraft:white_wool":80,"minecraft:shield":1,"minecraft:stick":20,"minecraft:iron_ingot":52,"minecraft:iron_pickaxe":1,"minecraft:stone_sword":1,"minecraft:white_bed":1,"minecraft:pumpkin_pie":48,"minecraft:torch":4,"minecraft:shears":1},"minecraft:used":{"minecraft:stone_sword":123,"minecraft:stone_shovel":221,"minecraft:chest":12,"minecraft:shield":5,"minecraft:bell":1,"minecraft:stone_hoe":5,"minecraft:rotten_flesh":13,"minecraft:torch":6,"minecraft:brewing_stand":1,"minecraft:dirt":188,"minecraft:white_carpet":8,"minecraft:hopper":6,"minecraft:carrot":68,"minecraft:obsidian":2,"minecraft:lava_bucket":3,"minecraft:crimson_planks":17,"minecraft:barrel":2,"minecraft:tripwire_hook":4,"minecraft:furnace":4,"minecraft:golden_axe":11,"minecraft:crimson_stem":2,"minecraft:wheat_seeds":4,"minecraft:cooked_mutton":22,"minecraft:water_bucket":9,"minecraft:stone_pickaxe":195,"minecraft:wooden_pickaxe":19,"minecraft:composter":6,"minecraft:oak_slab":19,"minecraft:crafting_table":7,"minecraft:crimson_trapdoor":2,"minecraft:white_bed":9,"minecraft:shears":1,"minecraft:lever":1,"minecraft:suspicious_stew":14,"minecraft:string":2,"minecraft:iron_pickaxe":16,"minecraft:lectern":13,"minecraft:stone_axe":119,"minecraft:chiseled_stone_bricks":1,"minecraft:fire_charge":1,"minecraft:cobblestone":4,"minecraft:bucket":13,"minecraft:yellow_bed":3},"minecraft:custom":{"minecraft:mob_kills":50,"minecraft:animals_bred":1,"minecraft:inspect_hopper":9,"minecraft:interact_with_crafting_table":33,"minecraft:open_barrel":8,"minecraft:bell_ring":31,"minecraft:leave_game":1,"minecraft:time_since_death":123657,"minecraft:climb_one_cm":236,"minecraft:sprint_one_cm":471048,"minecraft:walk_one_cm":261375,"minecraft:damage_blocked_by_shield":208,"minecraft:drop":98,"minecraft:talked_to_villager":90,"minecraft:play_time":142369,"minecraft:sneak_time":16159,"minecraft:deaths":4,"minecraft:walk_under_water_one_cm":1937,"minecraft:jump":2878,"minecraft:walk_on_water_one_cm":11272,"minecraft:total_world_time":142369,"minecraft:interact_with_furnace":31,"minecraft:traded_with_villager":244,"minecraft:sleep_in_bed":11,"minecraft:time_since_rest":5755,"minecraft:damage_taken":1968,"minecraft:damage_dealt":7454,"minecraft:fly_one_cm":499476,"minecraft:open_chest":99,"minecraft:crouch_one_cm":43022,"minecraft:fall_one_cm":89126},"minecraft:picked_up":{"minecraft:crafting_table":5,"minecraft:wheat":14,"minecraft:crimson_planks":6,"minecraft:brewing_stand":2,"minecraft:shield":2,"minecraft:string":10570,"minecraft:white_carpet":3,"minecraft:beetroot":3,"minecraft:poppy":13,"minecraft:lectern":14,"minecraft:chest":7,"minecraft:furnace":2,"minecraft:stick":15,"minecraft:raw_iron":52,"minecraft:composter":6,"minecraft:oak_fence":3,"minecraft:torch":16,"minecraft:pointed_dripstone":172,"minecraft:carrot":74,"minecraft:redstone":10,"minecraft:stone_sword":3,"minecraft:arrow":26,"minecraft:stone_shovel":3,"minecraft:rotten_flesh":31,"minecraft:beetroot_seeds":9,"minecraft:hay_block":7,"minecraft:mutton":36,"minecraft:white_wool":19,"minecraft:cobblestone":85,"minecraft:tripwire_hook":2,"minecraft:crimson_stem":11,"minecraft:leather":1,"minecraft:potato":25,"minecraft:oak_log":51,"minecraft:yellow_bed":3,"minecraft:nether_wart_block":1,"minecraft:dirt":320,"minecraft:bone":30,"minecraft:apple":5,"minecraft:bow":5,"minecraft:wheat_seeds":48,"minecraft:bell":1,"minecraft:iron_ingot":7,"minecraft:stone_pickaxe":3,"minecraft:stripped_oak_wood":1,"minecraft:oak_planks":9,"minecraft:book":12,"minecraft:oak_slab":11,"minecraft:chiseled_stone_bricks":1,"minecraft:quartz":3,"minecraft:dandelion":19,"minecraft:dripstone_block":34,"minecraft:gravel":26,"minecraft:white_bed":8,"minecraft:sugar":4,"minecraft:stone_axe":3,"minecraft:gray_wool":3,"minecraft:emerald":2,"minecraft:oak_sapling":7,"minecraft:coal":69,"minecraft:hopper":2},"minecraft:killed_by":{"minecraft:wolf":1,"minecraft:skeleton":1,"minecraft:zombie":2}},"DataVersion":3953}