{"stats":{"minecraft:dropped":{"minecraft:rotten_flesh":2,"minecraft:gray_wool":3,"minecraft:dandelion":10},"minecraft:mined":{"minecraft:white_bed":3,"minecraft:dandelion":4,"minecraft:crafting_table":4,"minecraft:short_grass":8,"minecraft:emerald_ore":1,"minecraft:grass_block":25,"minecraft:poppy":1,"minecraft:tall_grass":2,"minecraft:wall_torch":2,"minecraft:furnace":2,"minecraft:iron_ore":51,"minecraft:pointed_dripstone":30,"minecraft:oak_log":25,"minecraft:coal_ore":31,"minecraft:gravel":13,"minecraft:dripstone_block":22,"minecraft:dirt":15,"minecraft:stone":51,"minecraft:oak_leaves":5},"minecraft:killed":{"minecraft:wolf":1,"minecraft:witch":1,"minecraft:zombie_villager":1,"minecraft:spider":2,"minecraft:sheep":20,"minecraft:skeleton":5,"minecraft:donkey":1,"minecraft:zombie":9},"minecraft:broken":{"minecraft:stone_pickaxe":1},"minecraft:crafted":{"minecraft:oak_planks":24,"minecraft:stone_shovel":1,"minecraft:crafting_table":1,"minecraft:wooden_pickaxe":1,"minecraft:furnace":1,"minecraft:stone_axe":1,"minecraft:cooked_mutton":15,"minecraft:air":0,"minecraft:bow":1,"minecraft:shield":1,"minecraft:stick":12,"minecraft:iron_ingot":13,"minecraft:iron_pickaxe":1,"minecraft:stone_pickaxe":2,"minecraft:stone_sword":1,"minecraft:white_bed":1,"minecraft:torch":4},"minecraft:used":{"minecraft:cooked_mutton":8,"minecraft:stone_sword":95,"minecraft:stone_shovel":53,"minecraft:stone_pickaxe":181,"minecraft:shield":5,"minecraft:wooden_pickaxe":19,"minecraft:rotten_flesh":13,"minecraft:torch":2,"minecraft:dirt":23,"minecraft:crafting_table":4,"minecraft:white_bed":3,"minecraft:iron_pickaxe":1,"minecraft:stone_axe":53,"minecraft:furnace":2},"minecraft:custom":{"minecraft:interact_with_furnace":7,"minecraft:mob_kills":44,"minecraft:interact_with_crafting_table":9,"minecraft:leave_game":1,"minecraft:time_since_death":33657,"minecraft:sleep_in_bed":4,"minecraft:time_since_rest":5131,"minecraft:sprint_one_cm":214128,"minecraft:damage_taken":1515,"minecraft:walk_one_cm":93739,"minecraft:damage_blocked_by_shield":208,"minecraft:drop":4,"minecraft:damage_dealt":5975,"minecraft:fly_one_cm":249167,"minecraft:crouch_one_cm":20068,"minecraft:play_time":52369,"minecraft:deaths":4,"minecraft:sneak_time":7590,"minecraft:walk_under_water_one_cm":531,"minecraft:jump":1440,"minecraft:walk_on_water_one_cm":1534,"minecraft:total_world_time":52369,"minecraft:fall_one_cm":41847},"minecraft:picked_up":{"minecraft:crafting_table":4,"minecraft:leather":1,"minecraft:oak_log":45,"minecraft:shield":2,"minecraft:dirt":143,"minecraft:string":4,"minecraft:bone":30,"minecraft:apple":5,"minecraft:bow":5,"minecraft:wheat_seeds":5,"minecraft:iron_ingot":4,"minecraft:stone_pickaxe":3,"minecraft:poppy":1,"minecraft:oak_planks":9,"minecraft:furnace":2,"minecraft:raw_iron":51,"minecraft:stick":15,"minecraft:torch":12,"minecraft:dandelion":19,"minecraft:gravel":13,"minecraft:dripstone_block":34,"minecraft:pointed_dripstone":172,"minecraft:white_bed":3,"minecraft:redstone":10,"minecraft:rotten_flesh":24,"minecraft:stone_sword":3,"minecraft:arrow":26,"minecraft:stone_shovel":3,"minecraft:sugar":4,"minecraft:stone_axe":3,"minecraft:gray_wool":3,"minecraft:emerald":1,"minecraft:oak_sapling":7,"minecraft:mutton":36,"minecraft:coal":69,"minecraft:white_wool":19,"minecraft:cobblestone":68},"minecraft:killed_by":{"minecraft:wolf":1,"minecraft:skeleton":1,"minecraft:zombie":2}},"DataVersion":3953}