{"stats":{"minecraft:crafted":{"minecraft:golden_carrot":144,"minecraft:cookie":288,"minecraft:oak_planks":368,"minecraft:stone_shovel":3,"minecraft:barrel":2,"minecraft:tripwire_hook":2,"minecraft:crimson_trapdoor":2,"minecraft:furnace":2,"minecraft:lever":1,"minecraft:bone_meal":6,"minecraft:white_carpet":126,"minecraft:oak_trapdoor":2,"minecraft:cooked_mutton":36,"minecraft:suspicious_stew":16,"minecraft:hopper":4,"minecraft:bow":1,"minecraft:ladder":3,"minecraft:stone_pickaxe":2,"minecraft:chest":9,"minecraft:stone_hoe":1,"minecraft:golden_boots":1,"minecraft:oak_slab":18,"minecraft:crimson_planks":36,"minecraft:emerald":520,"minecraft:crafting_table":3,"minecraft:wooden_pickaxe":1,"minecraft:baked_potato":25,"minecraft:bucket":2,"minecraft:campfire":12,"minecraft:stone_axe":3,"minecraft:bread":120,"minecraft:air":0,"minecraft:apple":48,"minecraft:oak_boat":36,"minecraft:white_wool":80,"minecraft:shield":1,"minecraft:stick":32,"minecraft:iron_ingot":52,"minecraft:iron_pickaxe":1,"minecraft:stone_sword":1,"minecraft:gold_ingot":6,"minecraft:white_bed":1,"minecraft:redstone_torch":1,"minecraft:pumpkin_pie":48,"minecraft:torch":4,"minecraft:shears":1},"minecraft:killed":{"minecraft:witch":1,"minecraft:spider":2,"minecraft:skeleton":5,"minecraft:wolf":1,"minecraft:piglin":1,"minecraft:zombie_villager":1,"minecraft:iron_golem":1,"minecraft:sheep":20,"minecraft:zombie":12,"minecraft:donkey":1,"minecraft:villager":1},"minecraft:dropped":{"minecraft:golden_boots":1,"minecraft:iron_ingot":5,"minecraft:baked_potato":13,"minecraft:mossy_cobblestone":2,"minecraft:oak_fence":4,"minecraft:cobblestone_stairs":1,"minecraft:stick":1,"minecraft:emerald":1,"minecraft:gray_wool":3,"minecraft:nether_wart_block":1,"minecraft:string":4835,"minecraft:dandelion":10,"minecraft:oak_door":1,"minecraft:gravel":13,"minecraft:rotten_flesh":2,"minecraft:oak_planks":1,"minecraft:carrot":40,"minecraft:poppy":15,"minecraft:oak_sapling":3,"minecraft:campfire":12},"minecraft:killed_by":{"minecraft:wolf":1,"minecraft:skeleton":1,"minecraft:zombie":2},"minecraft:mined":{"minecraft:nether_gold_ore":15,"minecraft:white_bed":14,"minecraft:mossy_cobblestone":2,"minecraft:oak_door":1,"minecraft:cobblestone_stairs":1,"minecraft:brewing_stand":2,"minecraft:ladder":1,"minecraft:grass_block":99,"minecraft:crimson_roots":1,"minecraft:hopper":2,"minecraft:composter":8,"minecraft:crimson_stem":11,"minecraft:chiseled_stone_bricks":1,"minecraft:hay_block":7,"minecraft:oak_trapdoor":4,"minecraft:furnace":2,"minecraft:carrots":84,"minecraft:iron_ore":52,"minecraft:bell":1,"minecraft:bookshelf":4,"minecraft:pointed_dripstone":30,"minecraft:potatoes":9,"minecraft:dirt_path":88,"minecraft:oak_stairs":44,"minecraft:stripped_oak_log":16,"minecraft:stone":67,"minecraft:oak_slab":7,"minecraft:glass_pane":1,"minecraft:crimson_nylium":1,"minecraft:dandelion":4,"minecraft:oak_fence":4,"minecraft:crafting_table":5,"minecraft:short_grass":14,"minecraft:emerald_ore":1,"minecraft:poppy":8,"minecraft:chest":7,"minecraft:lectern":14,"minecraft:nether_quartz_ore":18,"minecraft:tall_grass":8,"minecraft:cobblestone":17,"minecraft:oak_planks":55,"minecraft:wall_torch":3,"minecraft:nether_wart_block":1,"minecraft:wheat":24,"minecraft:white_carpet":8,"minecraft:stripped_oak_wood":1,"minecraft:yellow_bed":6,"minecraft:oak_log":107,"minecraft:coal_ore":31,"minecraft:beetroots":3,"minecraft:gravel":13,"minecraft:dripstone_block":22,"minecraft:dirt":129,"minecraft:crimson_planks":8,"minecraft:tripwire_hook":2,"minecraft:netherrack":42,"minecraft:oak_leaves":5},"minecraft:custom":{"minecraft:mob_kills":51,"minecraft:animals_bred":1,"minecraft:inspect_hopper":26,"minecraft:interact_with_crafting_table":45,"minecraft:open_barrel":31,"minecraft:bell_ring":31,"minecraft:leave_game":2,"minecraft:time_since_death":206271,"minecraft:climb_one_cm":3416,"minecraft:sprint_one_cm":655596,"minecraft:damage_blocked_by_shield":208,"minecraft:walk_one_cm":397858,"minecraft:drop":112,"minecraft:talked_to_villager":189,"minecraft:play_time":224983,"minecraft:sneak_time":22768,"minecraft:deaths":4,"minecraft:walk_under_water_one_cm":1937,"minecraft:interact_with_brewingstand":1,"minecraft:jump":3843,"minecraft:walk_on_water_one_cm":25635,"minecraft:total_world_time":224983,"minecraft:interact_with_furnace":37,"minecraft:traded_with_villager":656,"minecraft:sleep_in_bed":17,"minecraft:time_since_rest":8170,"minecraft:damage_taken":2109,"minecraft:damage_dealt":7614,"minecraft:fly_one_cm":630701,"minecraft:open_chest":196,"minecraft:crouch_one_cm":58056,"minecraft:fall_one_cm":121196},"minecraft:used":{"minecraft:oak_trapdoor":2,"minecraft:stone_sword":128,"minecraft:stone_shovel":306,"minecraft:ladder":3,"minecraft:chest":12,"minecraft:shield":5,"minecraft:bell":1,"minecraft:stone_hoe":55,"minecraft:rotten_flesh":13,"minecraft:netherrack":37,"minecraft:torch":7,"minecraft:brewing_stand":2,"minecraft:dirt":200,"minecraft:white_carpet":15,"minecraft:hopper":6,"minecraft:carrot":171,"minecraft:obsidian":2,"minecraft:lava_bucket":4,"minecraft:crimson_planks":19,"minecraft:barrel":2,"minecraft:tripwire_hook":4,"minecraft:furnace":4,"minecraft:golden_axe":11,"minecraft:crimson_stem":2,"minecraft:wheat_seeds":4,"minecraft:cooked_mutton":28,"minecraft:water_bucket":11,"minecraft:stone_pickaxe":262,"minecraft:oak_planks":94,"minecraft:wooden_pickaxe":19,"minecraft:composter":8,"minecraft:oak_slab":19,"minecraft:crafting_table":8,"minecraft:crimson_trapdoor":2,"minecraft:white_bed":11,"minecraft:shears":1,"minecraft:redstone_torch":1,"minecraft:oak_log":1,"minecraft:lever":1,"minecraft:string":2,"minecraft:iron_pickaxe":41,"minecraft:suspicious_stew":14,"minecraft:lectern":13,"minecraft:stone_axe":333,"minecraft:chiseled_stone_bricks":1,"minecraft:fire_charge":1,"minecraft:cobblestone":4,"minecraft:bucket":15,"minecraft:pumpkin_pie":1,"minecraft:yellow_bed":5,"minecraft:bone_meal":6},"minecraft:picked_up":{"minecraft:crafting_table":5,"minecraft:wheat":14,"minecraft:ladder":1,"minecraft:oak_stairs":44,"minecraft:crimson_planks":8,"minecraft:brewing_stand":2,"minecraft:shield":2,"minecraft:string":14219,"minecraft:oak_trapdoor":4,"minecraft:white_carpet":9,"minecraft:beetroot":3,"minecraft:gold_nugget":62,"minecraft:poppy":15,"minecraft:lectern":14,"minecraft:chest":7,"minecraft:furnace":2,"minecraft:stick":15,"minecraft:raw_iron":52,"minecraft:oak_door":1,"minecraft:composter":8,"minecraft:oak_fence":4,"minecraft:torch":18,"minecraft:pointed_dripstone":172,"minecraft:carrot":265,"minecraft:redstone":10,"minecraft:stone_sword":3,"minecraft:arrow":26,"minecraft:rotten_flesh":31,"minecraft:stone_shovel":3,"minecraft:beetroot_seeds":9,"minecraft:hay_block":7,"minecraft:mutton":36,"minecraft:white_wool":19,"minecraft:cobblestone":101,"minecraft:stripped_oak_log":16,"minecraft:crimson_stem":11,"minecraft:tripwire_hook":2,"minecraft:leather":1,"minecraft:potato":25,"minecraft:oak_log":127,"minecraft:yellow_bed":6,"minecraft:nether_wart_block":1,"minecraft:cobblestone_stairs":1,"minecraft:dirt":417,"minecraft:bone":30,"minecraft:apple":5,"minecraft:bow":5,"minecraft:wheat_seeds":48,"minecraft:bell":2,"minecraft:stone_pickaxe":3,"minecraft:iron_ingot":7,"minecraft:stripped_oak_wood":1,"minecraft:oak_planks":64,"minecraft:book":12,"minecraft:oak_slab":11,"minecraft:chiseled_stone_bricks":1,"minecraft:quartz":18,"minecraft:dandelion":19,"minecraft:dripstone_block":34,"minecraft:gravel":26,"minecraft:white_bed":14,"minecraft:mossy_cobblestone":2,"minecraft:sugar":4,"minecraft:stone_axe":3,"minecraft:gray_wool":3,"minecraft:emerald":2,"minecraft:oak_sapling":7,"minecraft:netherrack":43,"minecraft:coal":69,"minecraft:hopper":2},"minecraft:broken":{"minecraft:stone_pickaxe":1,"minecraft:stone_axe":2,"minecraft:stone_shovel":2}},"DataVersion":3953}