{"stats":{"minecraft:dropped":{"minecraft:gravel":13,"minecraft:rotten_flesh":2,"minecraft:stick":1,"minecraft:poppy":7,"minecraft:gray_wool":3,"minecraft:oak_sapling":3,"minecraft:dandelion":10},"minecraft:mined":{"minecraft:white_bed":4,"minecraft:dandelion":4,"minecraft:crafting_table":5,"minecraft:short_grass":9,"minecraft:emerald_ore":1,"minecraft:grass_block":50,"minecraft:poppy":6,"minecraft:tall_grass":5,"minecraft:wall_torch":2,"minecraft:hay_block":7,"minecraft:furnace":2,"minecraft:iron_ore":52,"minecraft:wheat":4,"minecraft:yellow_bed":3,"minecraft:dirt_path":42,"minecraft:pointed_dripstone":30,"minecraft:oak_log":25,"minecraft:coal_ore":31,"minecraft:gravel":13,"minecraft:dripstone_block":22,"minecraft:dirt":51,"minecraft:stone":51,"minecraft:oak_leaves":5},"minecraft:killed":{"minecraft:wolf":1,"minecraft:witch":1,"minecraft:zombie_villager":1,"minecraft:spider":2,"minecraft:sheep":20,"minecraft:skeleton":5,"minecraft:donkey":1,"minecraft:zombie":12},"minecraft:broken":{"minecraft:stone_pickaxe":1,"minecraft:stone_shovel":1},"minecraft:crafted":{"minecraft:oak_planks":24,"minecraft:stone_shovel":2,"minecraft:crafting_table":1,"minecraft:wooden_pickaxe":1,"minecraft:furnace":1,"minecraft:stone_axe":1,"minecraft:cooked_mutton":15,"minecraft:air":0,"minecraft:bow":1,"minecraft:shield":1,"minecraft:stick":16,"minecraft:iron_ingot":13,"minecraft:iron_pickaxe":1,"minecraft:stone_pickaxe":2,"minecraft:stone_sword":1,"minecraft:white_bed":1,"minecraft:torch":4},"minecraft:used":{"minecraft:wheat_seeds":4,"minecraft:cooked_mutton":11,"minecraft:stone_sword":101,"minecraft:stone_shovel":157,"minecraft:stone_pickaxe":182,"minecraft:shield":5,"minecraft:wooden_pickaxe":19,"minecraft:rotten_flesh":13,"minecraft:torch":6,"minecraft:dirt":168,"minecraft:crafting_table":5,"minecraft:white_bed":5,"minecraft:iron_pickaxe":1,"minecraft:stone_axe":58,"minecraft:furnace":2,"minecraft:yellow_bed":3},"minecraft:custom":{"minecraft:interact_with_furnace":7,"minecraft:mob_kills":48,"minecraft:animals_bred":1,"minecraft:interact_with_crafting_table":10,"minecraft:leave_game":1,"minecraft:time_since_death":45657,"minecraft:sleep_in_bed":5,"minecraft:climb_one_cm":236,"minecraft:time_since_rest":3320,"minecraft:sprint_one_cm":260043,"minecraft:damage_taken":1600,"minecraft:walk_one_cm":125459,"minecraft:damage_blocked_by_shield":208,"minecraft:drop":12,"minecraft:damage_dealt":6294,"minecraft:fly_one_cm":279558,"minecraft:open_chest":4,"minecraft:crouch_one_cm":27880,"minecraft:play_time":64369,"minecraft:deaths":4,"minecraft:sneak_time":9447,"minecraft:walk_under_water_one_cm":531,"minecraft:jump":1645,"minecraft:walk_on_water_one_cm":1534,"minecraft:total_world_time":64369,"minecraft:fall_one_cm":46335},"minecraft:picked_up":{"minecraft:crafting_table":5,"minecraft:wheat":4,"minecraft:leather":1,"minecraft:oak_log":45,"minecraft:yellow_bed":3,"minecraft:shield":2,"minecraft:dirt":245,"minecraft:string":4,"minecraft:bone":30,"minecraft:apple":5,"minecraft:bow":5,"minecraft:wheat_seeds":13,"minecraft:iron_ingot":4,"minecraft:stone_pickaxe":3,"minecraft:poppy":9,"minecraft:oak_planks":9,"minecraft:furnace":2,"minecraft:raw_iron":52,"minecraft:stick":15,"minecraft:torch":12,"minecraft:dandelion":19,"minecraft:gravel":26,"minecraft:dripstone_block":34,"minecraft:pointed_dripstone":172,"minecraft:white_bed":4,"minecraft:redstone":10,"minecraft:rotten_flesh":31,"minecraft:stone_sword":3,"minecraft:arrow":26,"minecraft:stone_shovel":3,"minecraft:sugar":4,"minecraft:stone_axe":3,"minecraft:hay_block":7,"minecraft:gray_wool":3,"minecraft:emerald":1,"minecraft:oak_sapling":7,"minecraft:mutton":36,"minecraft:coal":69,"minecraft:white_wool":19,"minecraft:cobblestone":68},"minecraft:killed_by":{"minecraft:wolf":1,"minecraft:skeleton":1,"minecraft:zombie":2}},"DataVersion":3953}