{"stats":{"minecraft:dropped":{"minecraft:gravel":13,"minecraft:rotten_flesh":2,"minecraft:stick":1,"minecraft:poppy":10,"minecraft:gray_wool":3,"minecraft:oak_sapling":3,"minecraft:dandelion":10},"minecraft:mined":{"minecraft:white_bed":7,"minecraft:dandelion":4,"minecraft:brewing_stand":2,"minecraft:oak_fence":3,"minecraft:crafting_table":5,"minecraft:short_grass":9,"minecraft:emerald_ore":1,"minecraft:grass_block":56,"minecraft:poppy":6,"minecraft:chest":1,"minecraft:lectern":14,"minecraft:tall_grass":5,"minecraft:composter":2,"minecraft:wall_torch":3,"minecraft:hay_block":7,"minecraft:furnace":2,"minecraft:iron_ore":52,"minecraft:wheat":4,"minecraft:white_carpet":2,"minecraft:stripped_oak_wood":1,"minecraft:yellow_bed":3,"minecraft:bell":1,"minecraft:bookshelf":4,"minecraft:dirt_path":43,"minecraft:pointed_dripstone":30,"minecraft:oak_log":25,"minecraft:coal_ore":31,"minecraft:gravel":13,"minecraft:dripstone_block":22,"minecraft:dirt":52,"minecraft:stone":51,"minecraft:oak_leaves":5},"minecraft:killed":{"minecraft:wolf":1,"minecraft:witch":1,"minecraft:zombie_villager":1,"minecraft:iron_golem":1,"minecraft:spider":2,"minecraft:sheep":20,"minecraft:skeleton":5,"minecraft:donkey":1,"minecraft:zombie":12,"minecraft:villager":1},"minecraft:broken":{"minecraft:stone_pickaxe":1,"minecraft:stone_shovel":1},"minecraft:crafted":{"minecraft:oak_planks":36,"minecraft:stone_shovel":2,"minecraft:crafting_table":1,"minecraft:wooden_pickaxe":1,"minecraft:furnace":2,"minecraft:stone_axe":1,"minecraft:white_carpet":6,"minecraft:cooked_mutton":36,"minecraft:air":0,"minecraft:bow":1,"minecraft:shield":1,"minecraft:stick":16,"minecraft:iron_ingot":52,"minecraft:iron_pickaxe":1,"minecraft:stone_pickaxe":2,"minecraft:chest":1,"minecraft:stone_sword":1,"minecraft:white_bed":1,"minecraft:torch":4},"minecraft:used":{"minecraft:wheat_seeds":4,"minecraft:cooked_mutton":15,"minecraft:stone_sword":122,"minecraft:stone_shovel":163,"minecraft:stone_pickaxe":184,"minecraft:chest":1,"minecraft:shield":5,"minecraft:wooden_pickaxe":19,"minecraft:composter":2,"minecraft:rotten_flesh":13,"minecraft:torch":6,"minecraft:brewing_stand":1,"minecraft:dirt":184,"minecraft:white_carpet":8,"minecraft:crafting_table":6,"minecraft:white_bed":8,"minecraft:iron_pickaxe":2,"minecraft:lectern":13,"minecraft:stone_axe":84,"minecraft:furnace":4,"minecraft:yellow_bed":3},"minecraft:custom":{"minecraft:interact_with_furnace":23,"minecraft:mob_kills":50,"minecraft:animals_bred":1,"minecraft:interact_with_crafting_table":16,"minecraft:bell_ring":31,"minecraft:leave_game":1,"minecraft:time_since_death":63657,"minecraft:sleep_in_bed":6,"minecraft:climb_one_cm":236,"minecraft:time_since_rest":11652,"minecraft:sprint_one_cm":341225,"minecraft:damage_taken":1780,"minecraft:walk_one_cm":171633,"minecraft:damage_blocked_by_shield":208,"minecraft:drop":13,"minecraft:damage_dealt":7454,"minecraft:talked_to_villager":20,"minecraft:fly_one_cm":375173,"minecraft:open_chest":11,"minecraft:crouch_one_cm":30649,"minecraft:play_time":82369,"minecraft:deaths":4,"minecraft:sneak_time":10679,"minecraft:walk_under_water_one_cm":531,"minecraft:jump":2128,"minecraft:walk_on_water_one_cm":1534,"minecraft:total_world_time":82369,"minecraft:fall_one_cm":63321},"minecraft:picked_up":{"minecraft:crafting_table":5,"minecraft:wheat":4,"minecraft:leather":1,"minecraft:brewing_stand":2,"minecraft:oak_log":45,"minecraft:yellow_bed":3,"minecraft:shield":2,"minecraft:dirt":254,"minecraft:string":4,"minecraft:white_carpet":3,"minecraft:bone":30,"minecraft:apple":5,"minecraft:bow":5,"minecraft:wheat_seeds":13,"minecraft:bell":1,"minecraft:iron_ingot":7,"minecraft:stone_pickaxe":3,"minecraft:stripped_oak_wood":1,"minecraft:poppy":10,"minecraft:lectern":14,"minecraft:chest":1,"minecraft:oak_planks":9,"minecraft:furnace":2,"minecraft:book":12,"minecraft:raw_iron":52,"minecraft:stick":15,"minecraft:composter":2,"minecraft:oak_fence":3,"minecraft:torch":16,"minecraft:dandelion":19,"minecraft:gravel":26,"minecraft:dripstone_block":34,"minecraft:pointed_dripstone":172,"minecraft:white_bed":7,"minecraft:redstone":10,"minecraft:rotten_flesh":31,"minecraft:stone_sword":3,"minecraft:arrow":26,"minecraft:stone_shovel":3,"minecraft:sugar":4,"minecraft:stone_axe":3,"minecraft:hay_block":7,"minecraft:gray_wool":3,"minecraft:emerald":1,"minecraft:oak_sapling":7,"minecraft:mutton":36,"minecraft:coal":69,"minecraft:white_wool":19,"minecraft:cobblestone":68},"minecraft:killed_by":{"minecraft:wolf":1,"minecraft:skeleton":1,"minecraft:zombie":2}},"DataVersion":3953}