{"stats":{"minecraft:crafted":{"minecraft:grindstone":2,"minecraft:smooth_stone":61,"minecraft:oak_planks":624,"minecraft:barrel":6,"minecraft:birch_slab":18,"minecraft:stone":151,"minecraft:lever":1,"minecraft:diamond_shovel":1,"minecraft:bookshelf":41,"minecraft:cooked_mutton":36,"minecraft:suspicious_stew":30,"minecraft:quartz_block":22,"minecraft:glass":49,"minecraft:hopper":4,"minecraft:diamond_helmet":3,"minecraft:bow":5,"minecraft:diamond_leggings":3,"minecraft:chest":17,"minecraft:rail":80,"minecraft:stone_hoe":1,"minecraft:stone_bricks":36,"minecraft:golden_boots":2,"minecraft:raw_iron_block":46,"minecraft:glass_bottle":33,"minecraft:oak_slab":90,"minecraft:emerald":3203,"minecraft:cooked_porkchop":2,"minecraft:diamond_axe":6,"minecraft:crafting_table":6,"minecraft:iron_helmet":11,"minecraft:wooden_pickaxe":1,"minecraft:baked_potato":25,"minecraft:raw_gold_block":20,"minecraft:birch_pressure_plate":1,"minecraft:smithing_table":1,"minecraft:birch_planks":60,"minecraft:campfire":12,"minecraft:dispenser":1,"minecraft:apple":112,"minecraft:lectern":11,"minecraft:book":4,"minecraft:paper":12,"minecraft:diamond_pickaxe":7,"minecraft:shield":16,"minecraft:stick":72,"minecraft:stone_slab":6,"minecraft:iron_ingot":1191,"minecraft:iron_pickaxe":2,"minecraft:iron_block":3,"minecraft:stone_sword":1,"minecraft:gold_ingot":200,"minecraft:redstone_torch":10,"minecraft:shears":1,"minecraft:golden_carrot":507,"minecraft:cookie":540,"minecraft:redstone":128,"minecraft:raw_iron":441,"minecraft:stone_shovel":4,"minecraft:tripwire_hook":2,"minecraft:crimson_trapdoor":2,"minecraft:furnace":10,"minecraft:stone_button":1,"minecraft:blast_furnace":7,"minecraft:bone_meal":45,"minecraft:white_carpet":3525,"minecraft:oak_trapdoor":32,"minecraft:iron_axe":31,"minecraft:ladder":3,"minecraft:ender_pearl":84,"minecraft:stone_pickaxe":4,"minecraft:diamond_boots":3,"minecraft:minecart":9,"minecraft:glistering_melon_slice":36,"minecraft:wheat":63,"minecraft:cooked_beef":5,"minecraft:crimson_planks":36,"minecraft:diamond_sword":1,"minecraft:enchanting_table":1,"minecraft:powered_rail":18,"minecraft:bucket":2,"minecraft:stone_axe":15,"minecraft:glowstone":44,"minecraft:enchanted_book":22,"minecraft:air":0,"minecraft:bread":525,"minecraft:oak_boat":36,"minecraft:white_wool":2324,"minecraft:golden_apple":14,"minecraft:raw_gold":180,"minecraft:chainmail_boots":12,"minecraft:birch_trapdoor":2,"minecraft:iron_shovel":3,"minecraft:anvil":1,"minecraft:white_bed":1,"minecraft:pumpkin_pie":92,"minecraft:torch":20,"minecraft:lapis_lazuli":60,"minecraft:diamond_chestplate":3},"minecraft:broken":{"minecraft:stone_pickaxe":3,"minecraft:stone_axe":2,"minecraft:stone_shovel":3,"minecraft:stone_sword":1,"minecraft:shield":1,"minecraft:iron_pickaxe":2},"minecraft:mined":{"minecraft:white_bed":17,"minecraft:cobblestone_stairs":1,"minecraft:brewing_stand":6,"minecraft:obsidian":4,"minecraft:granite":21,"minecraft:grass_block":238,"minecraft:composter":13,"minecraft:hopper":2,"minecraft:chiseled_stone_bricks":1,"minecraft:raw_iron_block":3,"minecraft:iron_ore":272,"minecraft:cobbled_deepslate":6,"minecraft:fire":6,"minecraft:barrel":10,"minecraft:pumpkin":4,"minecraft:deepslate_lapis_ore":5,"minecraft:pointed_dripstone":32,"minecraft:dirt_path":168,"minecraft:oak_stairs":44,"minecraft:deepslate_redstone_ore":23,"minecraft:crimson_nylium":11,"minecraft:amethyst_cluster":26,"minecraft:calcite":2,"minecraft:poppy":9,"minecraft:chest":16,"minecraft:nether_quartz_ore":74,"minecraft:glass":6,"minecraft:cobblestone":100,"minecraft:oak_planks":71,"minecraft:grindstone":2,"minecraft:sugar_cane":120,"minecraft:wall_torch":11,"minecraft:amethyst_block":3,"minecraft:powered_rail":12,"minecraft:nether_wart_block":1,"minecraft:birch_log":15,"minecraft:wheat":24,"minecraft:stripped_oak_wood":1,"minecraft:oak_log":329,"minecraft:beetroots":3,"minecraft:sand":49,"minecraft:dirt":444,"minecraft:crimson_planks":14,"minecraft:tripwire_hook":2,"minecraft:netherrack":597,"minecraft:oak_leaves":28,"minecraft:deepslate":134,"minecraft:nether_gold_ore":39,"minecraft:crying_obsidian":1,"minecraft:tuff":6,"minecraft:mossy_cobblestone":2,"minecraft:deepslate_diamond_ore":87,"minecraft:oak_door":1,"minecraft:ladder":1,"minecraft:crimson_roots":3,"minecraft:crimson_stem":11,"minecraft:hay_block":7,"minecraft:oak_trapdoor":6,"minecraft:furnace":3,"minecraft:carrots":346,"minecraft:andesite":51,"minecraft:bell":1,"minecraft:bookshelf":16,"minecraft:potatoes":9,"minecraft:deepslate_iron_ore":99,"minecraft:rail":204,"minecraft:stripped_oak_log":16,"minecraft:stone":1811,"minecraft:redstone_wall_torch":1,"minecraft:smithing_table":4,"minecraft:oak_slab":7,"minecraft:glass_pane":1,"minecraft:basalt":20,"minecraft:dandelion":4,"minecraft:oak_fence":4,"minecraft:crafting_table":7,"minecraft:short_grass":25,"minecraft:emerald_ore":5,"minecraft:lectern":206,"minecraft:copper_ore":2,"minecraft:tall_grass":11,"minecraft:lapis_ore":18,"minecraft:deepslate_gold_ore":87,"minecraft:diorite":18,"minecraft:redstone_torch":10,"minecraft:white_carpet":13,"minecraft:birch_leaves":2,"minecraft:yellow_bed":31,"minecraft:coal_ore":116,"minecraft:gravel":13,"minecraft:dripstone_block":27,"minecraft:stone_bricks":1,"minecraft:gold_ore":3},"minecraft:dropped":{"minecraft:lapis_lazuli":117,"minecraft:diamond_axe":1,"minecraft:oak_log":142,"minecraft:baked_potato":13,"minecraft:glass_bottle":1,"minecraft:cobblestone_stairs":1,"minecraft:emerald":133,"minecraft:dirt":175,"minecraft:mutton":1,"minecraft:crimson_roots":2,"minecraft:bone_meal":1,"minecraft:white_wool":1,"minecraft:gold_ingot":256,"minecraft:bone":64,"minecraft:oak_door":1,"minecraft:gravel":66,"minecraft:stone_axe":13,"minecraft:blackstone":26,"minecraft:sugar_cane":6,"minecraft:cobbled_deepslate":36,"minecraft:nether_brick":54,"minecraft:birch_sapling":3,"minecraft:pointed_dripstone":18,"minecraft:rotten_flesh":26,"minecraft:oak_planks":8,"minecraft:azure_bluet":2,"minecraft:carrot":954,"minecraft:poppy":20,"minecraft:chainmail_boots":15,"minecraft:basalt":5,"minecraft:campfire":12,"minecraft:beef":5,"minecraft:netherrack":1,"minecraft:enchanted_book":1,"minecraft:golden_boots":1,"minecraft:iron_ingot":5,"minecraft:bread":692,"minecraft:wheat_seeds":2,"minecraft:mossy_cobblestone":2,"minecraft:dripstone_block":4,"minecraft:diamond_leggings":3,"minecraft:oak_fence":5,"minecraft:iron_helmet":12,"minecraft:cobblestone":54,"minecraft:amethyst_block":4,"minecraft:apple":1,"minecraft:granite":5,"minecraft:coal":2,"minecraft:stick":1,"minecraft:lava_bucket":1,"minecraft:gray_wool":3,"minecraft:diorite":15,"minecraft:nether_wart_block":1,"minecraft:diamond_helmet":3,"minecraft:fire_charge":1,"minecraft:iron_leggings":1,"minecraft:iron_axe":23,"minecraft:iron_shovel":3,"minecraft:chainmail_leggings":1,"minecraft:string":6924,"minecraft:redstone":13,"minecraft:dandelion":10,"minecraft:raw_copper":9,"minecraft:bowl":2,"minecraft:tuff":4,"minecraft:stone_shovel":1,"minecraft:iron_boots":1,"minecraft:shield":2,"minecraft:diamond_chestplate":3,"minecraft:diamond_pickaxe":1,"minecraft:andesite":34,"minecraft:golden_leggings":1,"minecraft:oak_sapling":13,"minecraft:golden_sword":1,"minecraft:spider_eye":5,"minecraft:diamond_boots":4,"minecraft:stone_pickaxe":1,"minecraft:raw_gold":1},"minecraft:custom":{"minecraft:animals_bred":1,"minecraft:interact_with_crafting_table":158,"minecraft:open_barrel":34,"minecraft:bell_ring":31,"minecraft:leave_game":9,"minecraft:time_since_death":291293,"minecraft:sprint_one_cm":2646272,"minecraft:damage_blocked_by_shield":3051,"minecraft:drop":550,"minecraft:talked_to_villager":1199,"minecraft:play_time":899843,"minecraft:deaths":5,"minecraft:jump":13815,"minecraft:interact_with_brewingstand":1,"minecraft:walk_on_water_one_cm":63986,"minecraft:enchant_item":14,"minecraft:interact_with_furnace":143,"minecraft:traded_with_villager":4011,"minecraft:sleep_in_bed":56,"minecraft:damage_dealt":37455,"minecraft:crouch_one_cm":243300,"minecraft:inspect_dispenser":35,"minecraft:interact_with_smithing_table":3,"minecraft:interact_with_anvil":21,"minecraft:mob_kills":180,"minecraft:inspect_hopper":34,"minecraft:climb_one_cm":19371,"minecraft:walk_one_cm":1749994,"minecraft:sneak_time":86829,"minecraft:walk_under_water_one_cm":14729,"minecraft:interact_with_blast_furnace":132,"minecraft:total_world_time":899843,"minecraft:interact_with_grindstone":14,"minecraft:time_since_rest":29941,"minecraft:damage_taken":7696,"minecraft:swim_one_cm":10111,"minecraft:fly_one_cm":2524092,"minecraft:open_chest":1083,"minecraft:fall_one_cm":386286},"minecraft:killed":{"minecraft:zombified_piglin":3,"minecraft:witch":1,"minecraft:spider":13,"minecraft:skeleton":34,"minecraft:magma_cube":7,"minecraft:wolf":1,"minecraft:piglin":4,"minecraft:pig":2,"minecraft:zombie_villager":1,"minecraft:iron_golem":10,"minecraft:creeper":14,"minecraft:sheep":21,"minecraft:pillager":3,"minecraft:zombie":39,"minecraft:donkey":2,"minecraft:ghast":1,"minecraft:blaze":7,"minecraft:cow":4,"minecraft:wither_skeleton":1,"minecraft:villager":3,"minecraft:enderman":2},"minecraft:picked_up":{"minecraft:wheat":28,"minecraft:chainmail_boots":3,"minecraft:suspicious_stew":2,"minecraft:smithing_table":4,"minecraft:diamond_sword":1,"minecraft:oak_stairs":88,"minecraft:enchanted_book":1,"minecraft:potion":1,"minecraft:nether_brick":54,"minecraft:crimson_planks":14,"minecraft:brewing_stand":6,"minecraft:golden_sword":1,"minecraft:amethyst_block":4,"minecraft:string":45668,"minecraft:raw_copper":9,"minecraft:iron_leggings":1,"minecraft:beetroot":6,"minecraft:diamond_leggings":2,"minecraft:gold_nugget":214,"minecraft:cobbled_deepslate":165,"minecraft:redstone_torch":11,"minecraft:iron_boots":1,"minecraft:furnace":3,"minecraft:stick":27,"minecraft:composter":13,"minecraft:oak_fence":5,"minecraft:torch":33,"minecraft:porkchop":2,"minecraft:golden_axe":1,"minecraft:pointed_dripstone":239,"minecraft:diorite":19,"minecraft:stone_sword":3,"minecraft:rotten_flesh":55,"minecraft:iron_block":58,"minecraft:blaze_rod":19,"minecraft:obsidian":14,"minecraft:cobblestone":2092,"minecraft:birch_log":15,"minecraft:magma_cream":3,"minecraft:water_bucket":1,"minecraft:andesite":49,"minecraft:potato":25,"minecraft:flint":3,"minecraft:tuff":4,"minecraft:lapis_lazuli":465,"minecraft:dirt":1201,"minecraft:glass":53,"minecraft:bone":113,"minecraft:bow":7,"minecraft:wheat_seeds":95,"minecraft:raw_gold":187,"minecraft:bell":3,"minecraft:grindstone":2,"minecraft:diamond_helmet":2,"minecraft:powered_rail":13,"minecraft:oak_planks":85,"minecraft:sand":49,"minecraft:spectral_arrow":82,"minecraft:barrel":11,"minecraft:mossy_cobblestone":2,"minecraft:sugar":6,"minecraft:diamond":178,"minecraft:granite":21,"minecraft:emerald":228,"minecraft:bread":239,"minecraft:oak_sapling":18,"minecraft:netherrack":581,"minecraft:crimson_roots":3,"minecraft:diamond_pickaxe":1,"minecraft:crafting_table":7,"minecraft:splash_potion":2,"minecraft:azure_bluet":2,"minecraft:ominous_bottle":1,"minecraft:ladder":2,"minecraft:shield":4,"minecraft:oak_trapdoor":10,"minecraft:iron_axe":4,"minecraft:blackstone":106,"minecraft:white_carpet":17,"minecraft:iron_shovel":1,"minecraft:beef":10,"minecraft:iron_nugget":70,"minecraft:poppy":25,"minecraft:minecart":35,"minecraft:lectern":207,"minecraft:sugar_cane":169,"minecraft:chest":16,"minecraft:birch_sapling":3,"minecraft:egg":1,"minecraft:raw_iron":742,"minecraft:oak_door":1,"minecraft:bowl":14,"minecraft:fire_charge":5,"minecraft:cookie":288,"minecraft:carrot":1389,"minecraft:redstone":151,"minecraft:arrow":65,"minecraft:stone_shovel":3,"minecraft:diamond_chestplate":2,"minecraft:beetroot_seeds":18,"minecraft:shears":1,"minecraft:diamond_boots":3,"minecraft:hay_block":14,"minecraft:gold_ingot":188,"minecraft:mutton":37,"minecraft:rail":204,"minecraft:white_wool":43,"minecraft:stripped_oak_log":16,"minecraft:basalt":20,"minecraft:golden_carrot":174,"minecraft:tripwire_hook":2,"minecraft:crimson_stem":11,"minecraft:leather":27,"minecraft:oak_log":428,"minecraft:yellow_bed":32,"minecraft:nether_wart_block":1,"minecraft:gunpowder":14,"minecraft:cobblestone_stairs":1,"minecraft:white_banner":1,"minecraft:apple":57,"minecraft:stone_bricks":1,"minecraft:iron_ingot":59,"minecraft:stone_pickaxe":3,"minecraft:stripped_oak_wood":1,"minecraft:soul_sand":20,"minecraft:book":57,"minecraft:oak_slab":17,"minecraft:pumpkin":4,"minecraft:chiseled_stone_bricks":1,"minecraft:quartz":173,"minecraft:dandelion":19,"minecraft:raw_iron_block":3,"minecraft:dripstone_block":60,"minecraft:gravel":95,"minecraft:lava_bucket":2,"minecraft:amethyst_shard":416,"minecraft:white_bed":21,"minecraft:crying_obsidian":7,"minecraft:spider_eye":5,"minecraft:stone_axe":3,"minecraft:chainmail_leggings":1,"minecraft:iron_helmet":1,"minecraft:diamond_axe":1,"minecraft:gray_wool":3,"minecraft:coal":463,"minecraft:hopper":2,"minecraft:ender_pearl":2},"minecraft:killed_by":{"minecraft:zombie":3,"minecraft:wolf":1,"minecraft:skeleton":1},"minecraft:used":{"minecraft:iron_shovel":65,"minecraft:dispenser":1,"minecraft:ladder":3,"minecraft:poppy":5,"minecraft:chest":29,"minecraft:shield":61,"minecraft:bell":1,"minecraft:rotten_flesh":13,"minecraft:carrot":435,"minecraft:obsidian":2,"minecraft:glass":22,"minecraft:lava_bucket":15,"minecraft:iron_helmet":1,"minecraft:crimson_roots":1,"minecraft:stone_bricks":37,"minecraft:birch_trapdoor":2,"minecraft:bow":58,"minecraft:oak_sapling":1,"minecraft:furnace":6,"minecraft:egg":1,"minecraft:diorite":4,"minecraft:oak_planks":115,"minecraft:stone_pickaxe":413,"minecraft:powered_rail":22,"minecraft:ender_pearl":2,"minecraft:wooden_pickaxe":19,"minecraft:composter":13,"minecraft:sugar_cane":12,"minecraft:diamond_axe":532,"minecraft:blast_furnace":7,"minecraft:shears":1,"minecraft:redstone_torch":19,"minecraft:lever":1,"minecraft:crying_obsidian":1,"minecraft:stone_button":1,"minecraft:string":2,"minecraft:bread":12,"minecraft:lectern":217,"minecraft:diamond_sword":237,"minecraft:fire_charge":1,"minecraft:grindstone":4,"minecraft:smithing_table":5,"minecraft:andesite":14,"minecraft:bone_meal":44,"minecraft:oak_trapdoor":32,"minecraft:enchanting_table":1,"minecraft:stone_sword":138,"minecraft:stone_shovel":489,"minecraft:stone_hoe":59,"minecraft:netherrack":558,"minecraft:dirt":264,"minecraft:torch":32,"minecraft:brewing_stand":6,"minecraft:anvil":1,"minecraft:white_carpet":30,"minecraft:hopper":6,"minecraft:granite":16,"minecraft:bookshelf":30,"minecraft:iron_axe":118,"minecraft:crimson_planks":42,"minecraft:barrel":16,"minecraft:basalt":15,"minecraft:tripwire_hook":4,"minecraft:golden_carrot":56,"minecraft:minecart":1,"minecraft:cooked_beef":5,"minecraft:cobbled_deepslate":111,"minecraft:golden_axe":11,"minecraft:crimson_stem":2,"minecraft:wheat_seeds":4,"minecraft:cooked_mutton":34,"minecraft:water_bucket":18,"minecraft:baked_potato":7,"minecraft:rail":270,"minecraft:oak_slab":19,"minecraft:crafting_table":13,"minecraft:crimson_trapdoor":2,"minecraft:white_bed":14,"minecraft:oak_log":2,"minecraft:diamond_pickaxe":3157,"minecraft:apple":1,"minecraft:diamond_shovel":310,"minecraft:iron_pickaxe":501,"minecraft:suspicious_stew":17,"minecraft:stone_axe":365,"minecraft:chiseled_stone_bricks":1,"minecraft:cobblestone":561,"minecraft:potion":1,"minecraft:white_banner":1,"minecraft:cooked_porkchop":2,"minecraft:bucket":34,"minecraft:pumpkin_pie":48,"minecraft:yellow_bed":31}},"DataVersion":3953}